id	seq	rate
16802	CTAATATGTTAATTGATTT	0.462
16803	AATATGTTAATTGATTTAT	0.384
16804	GATTTATACAATTCCTTTC	0.514
16805	CAATTCCTTTCAATTTTAT	0.364
16807	CAGACCAAAATTAAATAAG	0.522
16808	AGACCAAAATTAAATAAGA	0.442
16809	ACCAAAATTAAATAAGAAA	0.441
16810	CAAAATTAAATAAGAAAGT	0.436
16811	TAAGAAAGTTACATAAGAT	0.591
16812	AAGTTACATAAGATTCCAT	0.511
16814	ACATAAGATTCCATTTGAG	0.555
16815	AAGATTCCATTTGAGCATA	0.547
16816	CCATTTGAGCATACATAAG	0.44
16817	CATTTGAGCATACATAAGG	0.651
16818	ATAAGGCCATGATACTTTA	0.759
16819	GCCATGATACTTTAATGTG	0.624
16820	TTAATGTGAACCACCATTT	0.858
16821	TGTGAACCACCATTTCTTG	0.849
16823	GAACCACCATTTCTTGGAA	0.383
16824	ATTTCTTGGAAGAAAGAAG	0.537
16825	TGGAAGAAAGAAGACATCC	0.832
16826	GGAAGAAAGAAGACATCCA	0.684
16827	GAAAGAAGACATCCAAATG	0.736
16828	AAGACATCCAAATGTCCGA	0.83
16829	CATCCAAATGTCCGATTCA	0.389
16831	TTCCTGGCCAGTCATCCAG	0.757
16832	CCTGGCCAGTCATCCAGTA	0.552
16833	AGTCATCCAGTAGACTCTC	0.773
16834	AGACTCTCTCCACTCTTCA	0.707
16835	GGAAGGTGATGCTTATATT	0.518
16836	TCTACAAAGCTCACATACA	0.753
16837	CAACAAGACAGTACATCCT	0.817
16838	ACAGTACATCCTAGATTTG	0.794
16839	TCCTAGATTTGTGACTGAT	0.753
16840	TTTGTGACTGATATGAGCA	0.836
16841	TGTGACTGATATGAGCATT	0.76
16842	GCATTTAAGGCTGTCATTT	0.423
16843	TTTAAGGCTGTCATTTTCA	0.788
16844	TTAAGGCTGTCATTTTCAA	0.871
16846	AAGTATAAAAGTTTAGTGT	0.761
16847	TAAAAGTTTAGTGTTCCAT	0.821
16848	GTGTTCCATTACCCAATCT	0.72
16849	TGTTCCATTACCCAATCTG	0.863
16850	GTTCCATTACCCAATCTGT	0.471
16851	TGTGCAGTAGACATAGCTA	0.868
16852	TGCAGTAGACATAGCTATA	0.776
16854	TAGCTATAAGCTCAAGTCA	0.849
16855	ATAAGCTCAAGTCATGTGA	0.87
16856	CTCAAGTCATGTGAATTAA	0.544
16859	TATAATTTGGGCAACAGCA	0.856
16860	ATAATTTGGGCAACAGCAA	0.835
16861	GCAACAGCAAGTTTAAATG	0.746
16862	ACAGCAAGTTTAAATGTAG	0.825
16863	ATTGTTTCTCTAAAATGCA	0.849
16864	ATGCATTAGGTTGTTCACA	0.754
16865	TGCATTAGGTTGTTCACAA	0.83
16867	TAACACCATTATCTGATGC	0.928
16868	AACACCATTATCTGATGCA	0.616
16869	CATTATCTGATGCATCCAT	0.825
16870	TATCTGATGCATCCATTAT	0.808
16871	CTGATGCATCCATTATCTG	0.804
16873	ATCCATTATCTGATGCATG	0.723
16874	CATTATCTGATGCATGGCA	0.597
16875	TTATCTGATGCATGGCATA	0.757
16876	ATGCAATAAGGCAGATCCA	0.887
16877	GCAATAAGGCAGATCCACA	0.688
16878	CAATAAGGCAGATCCACAG	0.79
16881	CGTCCCGTAGTAGTCGTCG	0.627
16882	CCCGTAGTAGTCGTCGTAG	0.69
16883	GTAGTCGTCGTAGAAGAGG	0.827
16884	TAGTCGTCGTAGAAGAGGT	0.893
16885	GTCGTAGAAGAGGTCTGAG	0.372
16887	AGAGGTCTGAGCCCTCGTC	0.517
16888	GTCTGAGCCCTCGTCGGGC	0.336
16889	GTCGGGCGCCGGCGCCTTG	0.268
16891	GCGCCGGCGCCTTGGTCTT	0.255
16893	TGGTCTTCACGCAGTACTC	0.737
16894	GTCTTCACGCAGTACTCGG	0.59
16895	TTCACGCAGTACTCGGCCA	0.652
16896	CGCAGTACTCGGCCAGCGT	0.524
16900	GTCACGCTCCGCGTCCACC	0.534
16902	CCTTGGTCCCCAGGACCTG	0.43
16903	GTCCCCAGGACCTGCTTCC	0.584
16905	GCTTCCGGATGATGTCTGT	0.349
16906	GATGATGTCTGTGTACTCC	0.766
16907	TGTGTACTCCCGATCCTTC	0.743
16908	GTGTACTCCCGATCCTTCC	0.565
16909	CCCGATCCTTCCCCTTGCT	0.412
16911	TTTCCACTTCCTGTACATC	0.829
16913	CCTGTACATCACGGAGGCG	0.364
16914	CATCACGGAGGCGTCCACG	0.794
16915	TCACGGAGGCGTCCACGTT	0.552
16916	CGGGCGAGAAGGTGTTGGG	0.459
16917	GTTGGGCTCGTTCAGGAGG	0.682
16918	TCGTTCAGGAGGGAGATCA	0.7
16920	GGAGGGAGATCACACTCAG	0.232
16921	GAGGGAGATCACACTCAGG	0.584
16922	GGGAGATCACACTCAGGAG	0.423
16923	TCACACTCAGGAGAATGGT	0.813
16924	CACACTCAGGAGAATGGTC	0.449
16925	CAGGAGAATGGTCCTGACG	0.721
16926	AGGAGAATGGTCCTGACGT	0.722
16927	CTGACGTTCTGCGTGGGGT	0.578
16928	TCTGCGTGGGGTTCCACCT	0.726
16929	CCACCTCTCTGAGGGCAGC	0.393
16935	GGTCGTCCACCGGCGGGTG	0.254
16936	GTCGTCCACCGGCGGGTGG	0.442
16937	CGTAGATGTTAGGGTGCCA	0.251
16938	TGTTAGGGTGCCACATCTT	0.367
16939	GTGGAGAGTATGGGTAGTC	0.659
16940	GTATGGGTAGTCGATGGGG	0.449
16942	GATGGGGAACTTGAGGCGC	0.58
16943	ATGGGGAACTTGAGGCGCG	0.511
16945	CGCCTTGAAGTAGCCGCCC	0.298
16947	GAAGTAGCCGCCCTCGTAG	0.598
16948	AAGTAGCCGCCCTCGTAGT	0.737
16949	CCTCCCAGTTGTATAGATC	0.417
16950	TCCCAGTTGTATAGATCGC	0.74
16951	GTTGTATAGATCGCCCTCG	0.727
16952	TGTATAGATCGCCCTCGTC	0.643
16954	TCGCCCTCGTCCACCAGTG	0.755
16955	CGTCCACCAGTGTCACGCG	0.673
16957	CCCTCGACCGGCTCTTCCT	0.443
16958	CGGCTCTTCCTGCAGCCCC	0.476
16959	GTCTGTTTTATAGATCCGT	0.683
16960	TTTATAGATCCGTGCAATC	0.924
16961	AGATCCGTGCAATCTCTGG	0.82
16962	CGTGCAATCTCTGGCACTA	0.624
16963	TGCAATCTCTGGCACTAGG	0.862
16964	GGGTCATCTGGGTTTGGAT	0.445
16965	GGTCATCTGGGTTTGGATC	0.565
16966	CTGGGTTTGGATCACATAG	0.958
16967	GGGTTTGGATCACATAGCA	0.422
16968	TTGGATCACATAGCAGTGA	0.952
16969	CATAGCAGTGAACAAATGG	0.945
16970	ATAGCAGTGAACAAATGGA	0.984
16971	TAGCAGTGAACAAATGGAT	0.961
16972	GCAGTGAACAAATGGATAA	0.236
16973	GTGAACAAATGGATAAAAG	0.27
16974	TGGATAAAAGAACTTTAGA	0.642
16975	GATAAAAGAACTTTAGAAA	0.306
16976	AAAAGAACTTTAGAAATTG	0.806
16977	TTTAGAAATTGTTAAAGCA	0.92
16978	TTAGAAATTGTTAAAGCAG	0.897
16979	ATTGTTAAAGCAGGCGACC	0.845
16980	TTGTTAAAGCAGGCGACCA	0.903
16981	TGTTAAAGCAGGCGACCAC	1.002
16982	GGCGACCACTGTGATCTTA	0.556
16983	CGACCACTGTGATCTTAGA	0.433
16985	TGATCTTAGAATATCGAGA	0.981
16986	GAATATCGAGACAAATGCT	0.792
16987	AATATCGAGACAAATGCTG	0.952
16988	ATCGAGACAAATGCTGCCA	0.996
16989	ACAAATGCTGCCATTACTG	0.974
16990	TGCTGCCATTACTGTTAAT	0.576
16991	CTGTTAATATTTGGATGAT	0.32
16992	TAATATTTGGATGATAAAT	0.762
16993	TTTGGATGATAAATTCTTG	0.931
16994	GATAAATTCTTGTTGTAAA	0.488
16995	ATAAATTCTTGTTGTAAAT	0.744
16996	TAAATTCTTGTTGTAAATG	0.7
16997	AATTCTTGTTGTAAATGCA	0.833
16998	ATTCTTGTTGTAAATGCAA	0.684
16999	CTTGTTGTAAATGCAACCT	0.866
17000	TTGTTGTAAATGCAACCTT	0.83
17001	GTTGTAAATGCAACCTTAG	0.809
17002	CAACCTTAGGTGGTTTGAA	0.644
17003	ACCTTAGGTGGTTTGAAGG	0.945
17004	GGTGGTTTGAAGGGGTAGT	0.631
17005	GTGGTTTGAAGGGGTAGTC	0.876
17006	TTGAAGGGGTAGTCTGTAG	0.949
17007	TGAAGGGGTAGTCTGTAGG	0.999
17008	TAGTCTGTAGGAAAATGAA	0.85
17009	GTCTGTAGGAAAATGAATT	0.623
17010	CTGTAGGAAAATGAATTGT	0.762
17011	TGTAGGAAAATGAATTGTC	0.923
17012	GTAGGAAAATGAATTGTCA	0.554
17013	AAAAGAATACACCGCCTTG	1.045
17014	AGAATACACCGCCTTGATA	0.995
17015	CTTGATATGGGCTGTCATT	0.8
17016	TTGATATGGGCTGTCATTA	0.977
17017	GGGCTGTCATTAGGTCCCA	0.486
17018	GCTGTCATTAGGTCCCATA	0.444
17019	TGTCATTAGGTCCCATAAT	0.641
17020	GGTCCCATAATTGTGGCTT	0.52
17021	GTCCCATAATTGTGGCTTG	0.352
17022	TCCCATAATTGTGGCTTGC	0.758
17023	CCCATAATTGTGGCTTGCC	0.602
17024	TAATTGTGGCTTGCCAATG	1.003
17025	TTGTGGCTTGCCAATGAAA	0.853
17026	TGTGGCTTGCCAATGAAAC	0.949
17027	TGGCTTGCCAATGAAACAT	0.907
17028	GGCTTGCCAATGAAACATA	0.447
17029	GCCAATGAAACATATCATC	0.661
17030	CAATGAAACATATCATCCC	0.95
17031	ATATCATCCCCAACTGGAC	0.883
17032	TATCATCCCCAACTGGACC	0.937
17033	CCCCAACTGGACCTGCAGA	0.329
17034	CCCAACTGGACCTGCAGAA	0.5
17035	GACCTGCAGAACATTGTGC	1.003
17036	ACCTGCAGAACATTGTGCT	1.015
17037	CCTGCAGAACATTGTGCTG	0.878
17038	CTTTGTTCAACAATGGCCG	0.765
17039	GTTCAACAATGGCCGAAAC	0.616
17040	CAATGGCCGAAACTCTTTT	0.492
17041	ATGGCCGAAACTCTTTTCT	0.778
17042	TGGCCGAAACTCTTTTCTC	0.827
17043	CGAAACTCTTTTCTCATAT	0.463
17044	AAACTCTTTTCTCATATTC	0.787
17045	ACTCTTTTCTCATATTCTC	0.836
17046	CTCTTTTCTCATATTCTCG	0.735
17047	TCTTTTCTCATATTCTCGT	0.842
17048	ATTCTCGTTTGTTTTCCTG	0.84
17049	TTTGTTTTCCTGATAAAGC	0.804
17050	TTTCCTGATAAAGCTGTGC	0.838
17051	TCCTGATAAAGCTGTGCTG	0.775
17052	GATAAAGCTGTGCTGCCTG	0.751
17053	AAAGCTGTGCTGCCTGGCT	0.714
17054	AGCTGTGCTGCCTGGCTAT	0.712
17055	GCTGTGCTGCCTGGCTATT	0.51
17056	TGCTGCCTGGCTATTGGCT	0.759
17057	CCTGGCTATTGGCTGGACT	0.687
17058	GGACTGTTAGGATTCGGTT	0.499
17059	GACTGTTAGGATTCGGTTC	0.727
17060	TTAGGATTCGGTTCATCCA	0.743
17061	AGGATTCGGTTCATCCAGC	0.815
17062	GGTTCATCCAGCAGAGACT	0.531
17063	TTCATCCAGCAGAGACTGA	0.624
17064	ATCCAGCAGAGACTGAATT	0.608
17065	CTGAATTGATGTTAAGATA	0.505
17066	TTAAGATAGAAGATACATC	0.847
17067	ATAGAAGATACATCATATG	0.839
17068	ATACATCATATGTTGGACT	0.836
17069	ATGTTGGACTCCATCGATT	0.744
17070	TGTTGGACTCCATCGATTC	0.841
17071	GTTGGACTCCATCGATTCT	0.648
17072	TTGGACTCCATCGATTCTG	0.863
17073	GACTCCATCGATTCTGAAG	0.722
17074	CTCCATCGATTCTGAAGGA	0.5
17075	TCCATCGATTCTGAAGGAT	0.772
17076	CGATTCTGAAGGATATCTA	0.479
17077	CTGAAGGATATCTAAACAT	0.467
17078	TGAAGGATATCTAAACATA	0.635
17079	TCTAAACATATGCTACCAT	0.694
17080	TATGCTACCATCAGCATAC	0.757
17081	CCATCAGCATACACATTTG	0.626
17082	TCAGCATACACATTTGGAT	0.73
17083	GCATACACATTTGGATGAA	0.46
17084	CACATTTGGATGAAACATT	0.635
17085	TTTGGATGAAACATTTTGG	0.846
17086	GGATGAAACATTTTGGATA	0.482
17087	AAAACCTAACAGTTGGTGG	0.697
17088	AGTTGGTGGTTTATTTGGA	0.618
17089	GTTTATTTGGATATTCTTC	0.777
17090	TTATTTGGATATTCTTCAG	0.801
17091	TTTGGATATTCTTCAGAAA	0.825
17092	TTGGATATTCTTCAGAAAA	0.853
17093	TGGATATTCTTCAGAAAAT	0.637
17094	TCAGAAAATTCTATTACTA	0.723
17095	AAAATTCTATTACTAGTTT	0.475
17096	AATTCTATTACTAGTTTAA	0.467
17097	ATTACTAGTTTAAAAGTAC	0.862
17098	ATCTTCAAAAGGTGTCCCT	0.781
17099	CTTCAAAAGGTGTCCCTTC	0.798
17100	TTCTGGTCCAAATATAACT	0.79
17101	TGGTCCAAATATAACTGCA	0.817
17102	GGTCCAAATATAACTGCAT	0.532
17103	AAATATAACTGCATTCCAC	0.846
17104	ATATAACTGCATTCCACTG	0.835
17105	CATTCCACTGCATGATGTT	0.55
17106	TCCACTGCATGATGTTGTT	0.564
17107	GCATGATGTTGTTTTCAGA	0.483
17108	GATGTTGTTTTCAGATGGT	0.508
17109	TGTTGTTTTCAGATGGTGC	0.742
17110	TTGTTTTCAGATGGTGCGC	0.728
17111	TTCAGATGGTGCGCCACTG	0.618
17112	GCCACTGACACCCACAGGT	0.767
17113	CACAGGTGGGTCCTCTTGT	0.611
17114	CTCTTGTAACCGCTTGAAA	0.455
17115	TCTTGTAACCGCTTGAAAT	0.782
17116	GTAACCGCTTGAAATCCCG	0.851
17117	GGAGCCGATGTAGCCACCC	0.581
17118	AGCCGATGTAGCCACCCCG	0.543
17119	GATGTAGCCACCCCGCATG	0.677
17120	GCATGGAGCGCTGCACGTT	0.612
17121	TTCTGCTCAAACAGCCGCC	0.766
17122	AACAGCCGCCGGTTGTTCT	0.612
17123	AGCCGCCGGTTGTTCTGCA	0.676
17124	GCCGCCGGTTGTTCTGCAG	0.641
17125	TGTTCTGCAGGACCTCTGC	0.699
17126	TTCTGCAGGACCTCTGCGG	0.671
17127	CTGCAGGACCTCTGCGGCC	0.664
17128	TGCAGGACCTCTGCGGCCT	0.654
17129	TCTGCGGCCTCCTTGTTCA	0.659
17130	CTGCGGCCTCCTTGTTCAG	0.686
17131	CTCCTTGTTCAGTGGGTCC	0.631
17132	CAGTGGGTCCTCGGGGTTG	0.628
17133	CTCGGGGTTGGGCTCCAAG	0.645
17134	GGGGTTGGGCTCCAAGAAG	0.613
17135	GGGTTGGGCTCCAAGAAGA	0.561
17136	GTTGGGCTCCAAGAAGAGA	0.697
17137	TTGGGCTCCAAGAAGAGAT	0.771
17138	AGAAGAGATACTGCAGGCC	0.802
17139	TACTGCAGGCCATAAATTA	0.67
17140	GGCCATAAATTATGGAGTT	0.497
17141	AAATTATGGAGTTTATCGT	0.822
17142	TGGAGTTTATCGTAAGGAC	0.767
17143	GGAGTTTATCGTAAGGACT	0.606
17144	GTTTATCGTAAGGACTGGC	0.685
17145	AGGACTGGCTTCCAGTCCT	0.541
17146	AGGATGTTGAGGCAGACGT	0.804
17147	TTGAGGCAGACGTTGCCCT	0.795
17148	CGAGGTCAATGTTGGGGTG	0.625
17149	GAGGTCAATGTTGGGGTGA	0.654
17150	AATGTTGGGGTGATAGACC	0.797
17151	TGTTGGGGTGATAGACCAT	0.713
17152	TTGGGGTGATAGACCATTG	0.861
17153	GGGGTGATAGACCATTGTC	0.618
17154	TAGACCATTGTCTCACACT	0.921
17155	CATTGTCTCACACTTCACC	0.817
17156	CATGCGGGTAACCCTGGCC	0.738
17157	ATGCGGGTAACCCTGGCCC	0.793
17158	GCGGGTAACCCTGGCCCAC	0.564
17159	GTAACCCTGGCCCACCTTA	0.699
17160	GCCCACCTTAAAACTGAAC	0.539
17161	CCTTAAAACTGAACACAAA	0.511
17162	ACACAAACTTCCCACTCTT	0.851
17163	AAACTTCCCACTCTTGTAG	0.873
17164	ACTTCCCACTCTTGTAGAA	0.689
17165	CTTCCCACTCTTGTAGAAG	0.759
17166	TCTTGTAGAAGCCCTCATC	0.827
17167	TGTAGAAGCCCTCATCAGG	0.779
17168	TAGAAGCCCTCATCAGGAC	0.803
17169	CCCTCATCAGGACAGATGA	0.575
17170	CCTCATCAGGACAGATGAC	0.589
17171	CATCAGGACAGATGACCAG	0.767
17172	ACAGATGACCAGCTTGAAG	0.77
17173	GTCGTCTGGATCTGAGAAG	0.656
17174	GTCTGGATCTGAGAAGCTG	0.793
17175	GATCTGAGAAGCTGATATC	0.605
17176	TCTGAGAAGCTGATATCAC	0.703
17177	GTCTTGGGCAGGTTCAGCT	0.718
17178	CTTGGGCAGGTTCAGCTCG	0.719
17179	TTGGGCAGGTTCAGCTCGT	0.66
17180	CGTTTATGTCCTTCTGGAT	0.564
17182	GATCCGCAGCTGCGCCGCC	0.717
17183	ATCCGCAGCTGCGCCGCCG	0.699
17184	AGCTGCGCCGCCGACGCCT	0.517
17185	CCGACGCCTTCTTGCTGCT	0.53
17186	GACGCCTTCTTGCTGCTGC	0.61
17187	CGCCTTCTTGCTGCTGCCC	0.589
17188	GCTGCCCTTGGTGCCGCCC	0.649
17191	TTGGTGCCGCCCGCCGACT	0.736
17192	TGGTGCCGCCCGCCGACTC	0.53
17193	TGCCGCCCGCCGACTCCTC	0.599
17194	CCCGCCGACTCCTCCTCCT	0.417
17195	GACTCCTCCTCCTTCTTCT	0.594
17196	ACTGGAAGTCTGTGTCCGT	0.857
17197	GTCTGTGTCCGTGAGGGCG	0.591
17198	CTCATCTTGGGATGAGGAT	0.538
17199	GGGGCTCATCCCCTGAGCT	0.43
17200	CCTGAGCTCCCAGGAGCCC	0.363
17201	CTCCCAGGAGCCCCATCCC	0.433
17202	CATCCCCGTCCACCTCTGA	0.295
17203	TCTGAGTCCTGCAGCACCT	0.618
17204	ATTTCGCAGATTTGGGGAC	0.82
17205	TTGCTTCTGGGGTCCACAG	0.754
17206	TCTTGTAGTTGTGGGCACT	0.817
17207	CACTGAGGTATTTGAAGTG	0.55
17208	CAGACGTGGCAGAGACAGA	0.683
17209	ACATAGACGTGGGAGCTAG	0.667
17210	ATAGACGTGGGAGCTAGGA	0.797
17211	ACGTGGGAGCTAGGAACCC	0.579
17212	CAGAAGAGGCAGAGGATGG	0.532
17213	CTTCTTGTCCAGCTTGGCC	0.65
17214	TGTCCAGCTTGGCCGGCAG	0.652
17215	CTACCAGGTGCTTCAGCAG	0.75
17216	TACCAGGTGCTTCAGCAGC	0.824
17217	ATGACCACCGTGAAGACGC	0.759
17218	GCGTAGGCTGCGCCAAACT	0.609
17219	TGATGCCGCTTCACGTTGC	0.724
17220	GCTTCACGTTGCGCCTCTC	0.568
17221	TTGCGCCTCTCGGCGGCCG	0.729
17222	GGATCATGTACATGAGCAG	0.49
17223	TCATGTACATGAGCAGGCC	0.719
17224	AGCAGGTCCATGGCGTTGC	0.711
17225	TCCATGGCGTTGCCGATAA	0.627
17226	GAAAGTGTAGCACTTGTGC	0.836
17227	AAAGTGTAGCACTTGTGCA	0.991
17228	GGAGGGCCGAGAAGCACCA	0.651
17229	GGTGGGGAAGAACTGGGTG	0.561
17230	TCCATGGTGGTGATGATGA	0.792
17231	CCATGGTGGTGATGATGAT	0.595
17232	ATGATGATGGCTGGAGTGG	0.774
17233	GATGATGGCTGGAGTGGTG	0.702
17234	TGGTGAGGAAGAAGAGGAG	0.68
17235	AGGAGGATGAAGAGGACGA	0.558
17236	AGATGAAGCCTCGGATGGA	0.653
17237	GGCGTGGCTCCCCACGGCA	0.627
17238	ATTTACACACGTTGAAGTC	1.016
17239	CACGTTGAAGTCCTTCAGG	0.845
17240	ATAGTCTCATTGTGGAAGG	0.723
17241	TTGTGGAAGGTGACAAAGG	0.742
17242	TCAATGGCCTCCACCTGCT	0.772
17243	CCACCTGCTCACAGCCTCG	0.422
17244	TGATCATGGTAGGCACGTT	0.801
17245	GGAGGTTTGTGAAGTACAG	0.574
17246	CTCGGCCTTCTTCCTCTCT	0.494
17247	CTTCTTCCTCTCTGCATCG	0.564
17248	ATCGAGGAACATTAGGCGA	0.779
17249	CGAGCCACGTTGTAACACG	0.916
17250	AGCCACGTTGTAACACGGG	0.758
17251	TGTGCAGTTGGGGTAGGCT	0.707
17252	CAAAATGCTTCTTGATCTT	0.617
17253	GCATATTTGGAGATTCCAT	0.787
17254	GATCATCCTCCTTGTAGCG	0.793
17255	TGGAGGTGTGTCTACGCAT	0.768
17256	GACGGTGAGCAGCAGATAC	0.654
17257	GTTGTTCCCTGATTTCAAG	0.711
17258	ATGGTGGTTCTCCCAAAGC	0.758
17259	GTTCTCCCAAAGCTGTAGG	0.819
17260	GCACGATGCCTACGGAGAG	0.758
17262	CAGCAGCCCGATGATGTGC	0.699
17264	AAGGACAGGTAGTGCACGG	0.868
17265	GTCCCGGATCTCATCATCC	0.893
17266	CGGATCTCATCATCCTTTA	0.247
17268	TGTCCCTTTGGTCAAAGTC	0.895
17269	TTGGTCAAAGTCAACGGAG	0.986
17270	AGTCAACGGAGCTGGAGAC	0.695
17271	CTGGAGACAGAGGTGAGAC	0.886
17272	TGAGACGCTCATACCGGTC	0.99
17273	TCATACCGGTCATGGCTGT	0.564
17274	GGCTGTCCCCGTGCATAGC	0.732
17275	GGAAGTCTGTGTCCGTGAG	0.617
17276	GTGAGGGCGTCGGGTGGCA	0.127
17278	CGTCGGGTGGCATCAGCAA	0.397
17279	AACTCCTCATCTTGGGATG	0.53
17280	ATCCCCTGAGCTCCCAGGA	0.52
17281	GTCCTGCAGCACCTGAGCG	0.462
17282	CCTGAGCGATGTATTTCGC	0.402
17283	AGCGATGTATTTCGCAGAT	0.505
17284	TTCTGGGGTCCACAGTATC	0.738
17285	AGTTGTGGGCACTGAGGTA	0.513
17287	TGACGATGGTGATGACCAG	0.67
17288	CGTGCGCATGGTGGAAAAG	0
17289	GCGCATGGTGGAAAAGAAG	0.397
17290	GAGGATGGGCGCGGCCACC	0.494
17292	GGATGGGCGCGGCCACCAC	0.463
17294	GGCGCGGCCACCACCTGGT	0.576
17295	GCAGGTAGGCGTAGTAGAG	0.564
17296	ACGATGATGGGGCAGGTGA	0.73
17298	GGTGATACTGTAGGTCATG	0.589
17299	GTGATACTGTAGGTCATGA	0.602
17300	ACATCATCCAGGCGTAGGC	0.723
17301	CCGCTTCACGTTGCGCCTC	0.595
17302	CGCTTCACGTTGCGCCTCT	0.357
17303	ACGTTGCGCCTCTCGGCGG	0.218
17304	GCAGAGCCGGATCATGTAC	0.468
17305	GATCATGTACATGAGCAGG	0.731
17306	ATGTACATGAGCAGGCCTG	0.721
17307	TGAGCAGGCCTGGGATGCG	0.749
17308	GCAGCAGGTCCATGGCGTT	0.272
17309	CCATGGCGTTGCCGATAAA	0.367
17310	ACCATGAAGATGAGGAAAG	0.727
17311	CTTGTGCATGGTTGTCCTG	0.615
17312	ATGGTTGTCCTGTTCTCCC	0.659
17313	TTGTCCTGTTCTCCCCAGA	0.68
17314	CCTGTTCTCCCCAGAGCGT	0.483
17315	AGCACCACAGCAGCAGGGT	0.585
17317	AGAACTGGGTGATGATGGG	0.687
17318	AACTTGTCCATGGTGGTGA	0.677
17319	GTGGTGATGATGATGGCTG	0.743
17320	AAGAAGAGGAGGATGAAGA	0.584
17321	TGAAGAGGACGACATTGAT	0.492
17322	GACGACATTGATGACCAGG	0.604
17323	TGATGACCAGGCAGCGCAG	0.661
17324	GCAGCGCAGCCACCAGATG	0.293
17325	CACCAGATGAAGCCTCGGA	0.292
17326	TGTGCAGGGACTCGCTGCA	0.259
17327	CAGCCCTGGCATTTACACA	0.668
17328	GCCCTGGCATTTACACACG	0.521
17329	TGTGGAAGGTGACAAAGGC	0.725
17331	CCAAGAGGCTTCTCATTCA	0.395
17332	CAAGAGGCTTCTCATTCAC	0.693
17333	TCCTTCTCCCGCTTGTAGT	0.72
17334	CTCCAGCTTTGTGTAGTAC	0.584
17336	GGGGTTGATCATGGTAGGC	0.396
17337	TGGTAGGCACGTTCTCCTT	0.702
17339	GGGTAGGCTTCCTCAAAAT	0.278
17340	GTAGGCTTCCTCAAAATGC	0.873
17342	GATTCCATTGATGAAGAGG	0.739
17343	CCGCTTCACCAGATCATCC	0.639
17344	TTCACCAGATCATCCTCCT	0.774
17345	GAGCAGCAGATACAGGAAG	0.758
17346	TTGTTCCCTGATTTCAAGT	0.344
17347	CAAGTTGGCAATGGTGGTT	0.342
17348	GGCAATGGTGGTTCTCCCA	0.438
17349	GAGAAGTTGACAGGCAGCA	0.605
17350	AGAGGACGCCCACAACCAC	0.535
17351	GATGTGCCGCTGAAAGGAC	0.651
17352	ACCATTGTCCCTTTGGTCA	0.709
17353	GTCAAAGTCAACGGAGCTG	0.844
17435	CAGCACACGAATCAAGGAA	0.221
17436	AGCCAGCAGGGCAATCCAG	0.637
17439	TAATGTCTCATAATAGGTT	0.663
17442	CTCCACAGAGCAACAGCGT	0.607
17443	CTCAGGCTTATGGAAGTGC	0.787
17445	GCTGGGATGTGAGCAGCTC	0.426
17446	CACATACTCCACCAGCCAT	0.719
17450	GTAAGCTTCCCCAAGTTCT	0.882
17451	CTTCCCCAAGTTCTGGCAC	0.419
17452	TGTCTCACCCAATTCTCCT	0.705
17453	TCTTGCTTGGTACGATCAG	0.547
17455	TAATCGACGGCATTGAAAG	0.768
17456	CGACGGCATTGAAAGACAG	0.474
17458	TCCCCGATGTTCTGGATGT	0.444
17459	GAATCAGGGAGATCCTCAG	0.606
17461	GGGACCATAAGGCTGATTT	0.419
17462	ACCATAAGGCTGATTTCCC	0.611
17463	TTATTGCGGCATTCCTTCA	0.777
17464	ACAGTTTGGGCTGGCGGAT	0.409
17465	TGGATGTACTTCTCCCTCT	0.807
17466	CACTTGTTGCTGGCTGGCC	0.737
17468	CCTTGTCCAATCTTCATGT	0.705
17469	GAATTGCAGTATGGTCAAT	0.459
17470	GATGTACGGAGAGTAGGTG	0.547
17471	GTAGGTGTCCGAACATTCA	0.49
17472	TTATTTTGTTGTCAATGAA	0.978
17473	TGAAAGATGCAAACATCTG	0.753
17474	AGATGCAAACATCTGGGTC	0.719
17476	CTTGAGAGGAAGGGCAGGT	0.532
17478	GTTTTGCATTTGCTCCCTG	0.679
17479	TTTGCATTTGCTCCCTGTT	0.492
17480	TATCCTGGCTGGGTTGGAT	0.518
17481	GTAAATCCTGAGTTCTTCT	0.447
17482	TTTCCAGGCTCACCCCAGT	0.371
17483	TTCCAGGCTCACCCCAGTT	0.584
17484	CAAGGCTTGCAGCCGGGCA	0.564
17485	CGTAGGAATGCAAAGGGGA	0.447
17486	GGCCCGCAGCCTCTTCAGC	0.374
17487	TTCAGCTTGGAGGCACTCT	0.669
17488	GTTGGGGAACTGTGGCAAG	0.506
17489	GGCAAGTCCTCTGGCAACT	0.717
17490	CACAAAGCAGAGGTTAGCC	0.702
17491	CAGAGGTTAGCCTCTTGAG	0.523
17493	AGTCATCAGTCTCTGGTAA	0.288
17495	TGGCCCATAGACCCCAGAA	0.632
17496	AGGAGGTGGGAGCGGCACC	0.39
17497	TGCCTGGTGGAGTTGCTCC	0.621
17498	TCCAGCACGCTCCGACATG	0.608
17500	TGCACTTAGAGACGTAGAG	0.683
17502	TGTGAGGGCAAACCCAAAT	0.722
17503	TGTGATAATAAAGGCATGG	0.725
17504	AAGGCATGGAATTGGGGCT	0.576
17505	CTGGGATCAGCCTGGGTCT	0.751
17507	CCTACTGCATCTTGGTCAA	0.579
17508	AAAATTTTCTCCTTCAGTC	0.908
17509	AAGGGCTGGCACCATCCCT	0.837
17510	CCATCCCTGGCTTTAGAAG	0.464
17511	ACTGGCATAATGCCGACAG	0.73
17512	GTGATGTTGAACTCCTGCA	0.625
17513	AATGTCTGCAGCACACGAA	0.402
17515	GAGGTGATCTCTGGCTCCC	0.497
17516	ATCGGCAGAAGTTCCGGGC	0.709
17517	AGTGCTTCACAATGCCATT	0.605
17519	GACTGCTGCAGCGGCGGGG	0.618
17520	TCCGGCATGGCCTCTCATC	0.63
17521	ATGGCCTCTCATCCACCTC	0.744
17522	CAGCTCCCCAACTAGGATC	0.666
17523	GCTTCCATCATCCATGCCC	0.544
17524	TCCACCAGCCATTTGGCAT	0.695
17526	ATCCATGGGTTGGCAGTGA	0.578
17527	AATCGACGGCATTGAAAGA	0.527
17528	GAAAGACAGGAGGTGATAG	0.631
17529	GGATGTGCCTCATATCCTG	0.467
17530	GGAGGCATGAGTGAGCTGG	0.644
17531	CCTACGTTCTGAATCAAGA	0.291
17532	TTTCTCTGCCGGTTGTCCT	0.67
17533	AACAGGTGGGACCATAAGG	0.625
17535	GATCCTTTCCAGGAGATCA	0.441
17536	TTTCCAGGAGATCACAAAG	0.658
17537	AGGAGATCACAAAGGCTGG	0.471
17538	GATCACAAAGGCTGGCAAT	0.485
17539	TCTTGGTCTTATTGCGGCA	0.693
17541	GATGTACTTCTCCCTCTGG	0.345
17542	CTCTGGTCATTATCTAAAC	0.514
17544	CAGTGGAAAGTACATCAGA	0.479
17545	ATTCAACAGCCTGATCTTG	0.557
17547	GGTCTCCAGGAATCTTGAG	0.646
17549	GCTTTATCAAAGTTTTGCA	0.46
17550	GGATGACAAACGCCTCATA	0.449
17551	GCCTCATAATCTGCAAACA	0.385
17552	TGCAAACATCTGAGTGAAA	0.424
17553	AACTTCCCGGATCTGAATG	0.747
17554	TTCTTCTTCATCACACTGA	0.752
17555	ACTTTGAGATCCTTATTGC	0.662
17556	TCCTTATTGCTGCTGGGGT	0.649
17557	ACGCACTTCCAACTTTTCC	0.608
17558	CTTAAGAAGCTCGTAGGAA	0.598
17559	TTAAGAAGCTCGTAGGAAT	0.654
17560	GAAGCTCGTAGGAATGCAA	0.508
17561	AGCCAGCAATGTTCCCATT	0.436
17562	GCCAGCAATGTTCCCATTC	0.453
17563	GCAATGTTCCCATTCCTCT	0.536
17564	CAATGTTCCCATTCCTCTT	0.5
17565	GCCCGCAGCCTCTTCAGCT	0.549
17566	CCAATTTGTTGGGGAACTG	0.679
17567	CAATGAAGTGGTTGTCAAT	0.487
17568	AGCTTTGACCGGTCATCCA	0.677
17569	ATCTAAGAAATGCAGGAGA	0.513
17573	TTTGACAGGAAAGTCAAAT	0.537
17574	TATTGGCCCATAGACCCCA	0.667
17575	CCAGGAGGTGGGAGCGGCA	0.249
17576	TGTATATGTAGCTCTCAAG	0.742
17577	CATAGGAGTTGAAGCGCTG	0.499
17578	TGCAGTTTGGTCACAGGAG	0.805
17579	CAGGAGTGTCTTCACCATC	0.829
17580	ACTCAGCATTGTGCATGTG	0.696
17581	ATTGTGCATGTGGTAGAGG	0.683
17582	GCATTGCACTGCAGATCTG	0.563
17583	CTTGCTAGTCACCTCTTCA	0.686
17584	ATGTGAGGGCAAACCCAAA	0.734
17585	ATGTCCGAGAGCCATCCTC	0.559
17586	GGCTCCCTGGGATCAGCCT	0.574
17587	TGGGTCTTGAATGCCAGCC	0.758
17588	ATTTGAATGTTCTTCTCAA	0.547
17589	CATAATGCCGACAGCTCGT	0.541
17590	CGGTCTCCGTGTCCAGTCC	0.604
17592	AGAGTATTCTTCAGCTAGG	0.639
17593	AGTATTCTTCAGCTAGGTC	1.016
17594	ATTCTTCAGCTAGGTCAGC	0.701
17595	CTTCAGCTAGGTCAGCCCG	0.613
17596	TCAGCTAGGTCAGCCCGAA	0.49
17598	TAGGTCAGCCCGAAGCGGG	0.623
17599	GGTCAGCCCGAAGCGGGTG	0.6
17600	TCAGCCCGAAGCGGGTGCT	0.376
17601	GCCCGAAGCGGGTGCTCAG	0.517
17603	CGAAGCGGGTGCTCAGGCT	0.463
17604	GAAGCGGGTGCTCAGGCTG	0.371
17605	GTCATTCACCAGTGCTATG	0.809
17606	TCATTCACCAGTGCTATGA	0.775
17607	CATTCACCAGTGCTATGAG	0.771
17609	GAGGGACTGGATTACTTGG	0.614
17610	AGGGACTGGATTACTTGGT	0.873
17612	CTGGATTACTTGGTCGGTT	0.666
17613	GATTACTTGGTCGGTTTTG	0.562
17614	ATTACTTGGTCGGTTTTGG	0.846
17615	ACTTGGTCGGTTTTGGTTG	0.87
17616	TGGTCGGTTTTGGTTGCTG	0.6
17618	CGGTTTTGGTTGCTGGCTT	0.417
17619	GTTTTGGTTGCTGGCTTCC	0.73
17620	TGGTTGCTGGCTTCCAGTT	0.718
17622	TTTCGGCACTAATTACTGG	0.828
17623	CACTAATTACTGGCAGACA	0.517
17624	ACTAATTACTGGCAGACAG	0.525
17625	TAATTACTGGCAGACAGAC	0.91
17626	AATTACTGGCAGACAGACC	0.743
17627	TACTGGCAGACAGACCTGC	0.527
17630	CCTGCCCCTTTTCGTCGAT	0.32
17631	TGCCCCTTTTCGTCGATGT	0.645
17632	CCTTTTCGTCGATGTTTGG	0.594
17633	CGTCGATGTTTGGGTGATA	0.57
17634	ATGTTTGGGTGATAGATCT	0.731
17635	TTTGGGTGATAGATCTTTG	0.828
17636	GGGTGATAGATCTTTGTTT	0.501
17637	ATAGATCTTTGTTTTAAAT	0.655
17638	TTTTAAATGTGATCTTCGG	0.834
17639	TGATCTTCGGTGGTTTGAA	0.659
17640	TCGGTGGTTTGAATGGGTA	0.718
17642	TTGAATGGGTACTCTGCTG	0.9
17648	TCTGAAGGCTCCCTTATCA	1.099
17649	CTCCCTTATCATATGGAGG	0.812
17650	ATATGGAGGGTTGTCAGGA	0.697
17652	GGAACAATAAGCCCTTGCC	0.794
17655	TAAGCCCTTGCCAAGTCAA	0.619
17656	AAGCCCTTGCCAAGTCAAT	0.587
17657	AGCCCTTGCCAAGTCAATA	0.753
17660	GCCAAGTCAATAAATTAGC	0.462
17662	AATTAGCTTCATCAACCTG	0.967
17663	TTAGCTTCATCAACCTGGA	1.115
17667	ATCAACCTGGATGTTACGG	0.614
17670	TGAGCTGTCCCCGGTACCC	0.719
17671	GAGCTGTCCCCGGTACCCT	0.772
17672	GCTGTCCCCGGTACCCTCT	0.65
17673	CCCCGGTACCCTCTTCCTG	0.747
17674	TTCCTGTTCTTTCAGCGCC	0.985
17675	TTCTTTCAGCGCCTCCTCC	0.919
17676	CAGCGCCTCCTCCGTGGCG	0.668
17677	AGCGCCTCCTCCGTGGCGT	0.719
17678	CGTATTTCTGGATGTACTC	0.776
17679	GGATGTACTCTTTAATTTT	0.705
17680	TGTACTCTTTAATTTTCTG	0.786
17681	TAATTTTCTGCTTGTATTC	0.931
17682	TTTTCTGCTTGTATTCTTC	0.951
17683	TTCTGCTTGTATTCTTCTG	0.777
17684	TCTGCTTGTATTCTTCTGG	1.039
17685	CTTGTATTCTTCTGGTCGG	0.864
17686	GTATTCTTCTGGTCGGTGG	0.825
17687	TCTGGTCGGTGGAGGTACA	0.957
17688	CGGTGGAGGTACATGGCTG	0.614
17689	GGTACATGGCTGCAGCGTC	0.553
17690	ACATGGCTGCAGCGTCACC	0.91
17691	ATGGCTGCAGCGTCACCAT	0.866
17693	TGAGAGGATCTATGGGGTT	0.494
17694	GAGGATCTATGGGGTTAGG	0.669
17695	GATCTATGGGGTTAGGATA	0.502
17696	GGGGTTAGGATAGGCCAAT	0.362
17697	AGGATAGGCCAATAACTGA	0.666
17698	AGGCAGGAAGGACTCAAAT	0.482
17699	GGAAGGACTCAAATATATT	0.416
17700	GAAGGACTCAAATATATTG	0.842
17701	GGACTCAAATATATTGGTA	0.486
17702	CAAATATATTGGTAAGATC	0.783
17703	AAATATATTGGTAAGATCA	0.684
17704	TATATTGGTAAGATCATAG	1.1
17705	TAAGATCATAGAGAGCTGT	0.958
17706	TCATAGAGAGCTGTCCAAG	0.81
17707	CATAGAGAGCTGTCCAAGT	0.86
17708	GTTTGATTAATTACATCTA	0.465
17709	TGATTAATTACATCTAGAC	1.058
17710	ACATCTAGACACACAGTTC	0.984
17711	ATCTAGACACACAGTTCCT	1.001
17712	AGACACACAGTTCCTGACG	0.999
17715	ATGGAAAATTTTATTCATG	0.64
17716	TTTTATTCATGAATCCTAT	1.064
17717	TTTATTCATGAATCCTATA	0.679
17718	ATTCATGAATCCTATAGAT	0.953
17719	ATCCTATAGATGGAGATTT	0.964
17720	TGGAGATTTGAAAGGGTAT	0.992
17722	ATTTGAAAGGGTATTTATC	1.016
17723	ATTTATCAGGTAGGTCCAC	0.779
17724	TTTATCAGGTAGGTCCACT	1.084
17726	GGTAGGTCCACTCTAACTT	0.642
17727	GTAGGTCCACTCTAACTTT	0.5
17728	ACTCTAACTTTCCATACTC	0.836
17729	ATACTCCGCCTTCATATGG	1.016
17730	TCCGCCTTCATATGGTGTT	0.678
17731	CTTCATATGGTGTTCCTTG	0.995
17732	GGTGTTCCTTGTGGTCCAT	0.34
17733	TGTTCCTTGTGGTCCATAA	0.917
17734	GTGGTCCATAAAACTTCAC	0.638
17735	TGGTCCATAAAACTTCACT	0.955
17736	TCCATAAAACTTCACTACA	0.756
17738	AAAACTTCACTACAAATTC	0.967
17740	CCTCCCAGGATCGTAACCT	0.841
17741	CTCCCAGGATCGTAACCTC	0.573
17742	CCCAGGATCGTAACCTCAT	0.777
17745	AACCTCATGTTTACTCTCG	0.98
17746	CCTCATGTTTACTCTCGAT	0.711
17747	CTCATGTTTACTCTCGATG	0.702
17748	TCATGTTTACTCTCGATGA	0.715
17750	TTTGGCAGTAAATCGTGTA	0.929
17751	GGCAGTAAATCGTGTAGGC	0.678
17752	TAAATCGTGTAGGCCTCTG	0.838
17753	GTAGGCCTCTGCTTGAGCT	0.895
17754	CTGCTTGAGCTGGGTCTTG	0.758
17755	TGGGTCTTGGATATTTGGT	0.839
17756	GGGTCTTGGATATTTGGTT	0.489
17757	TATTTGGTTCATTTAGAAG	0.888
17758	CATTTAGAAGTTCCTGTAT	0.521
17759	AGTTCCTGTATTCCTAATA	0.719
17760	TGTATTCCTAATAGGATCT	0.904
17761	GTATTCCTAATAGGATCTG	0.744
17763	TAGGATCTGTTTGATTGTG	0.874
17764	CTGTTTGATTGTGATGGCT	0.601
17765	GTTTGATTGTGATGGCTGG	0.56
17768	TGGCCTCCAGTCCTTGTCC	0.859
17769	TCCAGTCCTTGTCCTCCTC	0.705
17771	TCTAAGATGGACAGGCACA	0.76
17772	AAGATGGACAGGCACACTG	0.801
17773	AGATGGACAGGCACACTGT	0.592
17774	GGACAGGCACACTGTCCCC	0.478
17775	GGCACACTGTCCCCGAAGG	0.511
17776	TCCCCGAAGGGTACACATT	0.596
17777	CCCGAAGGGTACACATTCG	0.451
17778	GGGTACACATTCGGGTGAA	0.496
17779	TACACATTCGGGTGAAATA	0.789
17780	ATTCGGGTGAAATAATGGT	0.883
17782	GAAATAATGGTGGTTCGAA	0.591
17783	AAATAATGGTGGTTCGAAT	0.81
17784	AATGGTGGTTCGAATTTAC	0.892
17785	TGGTGGTTCGAATTTACAT	0.75
17786	GTGGTTCGAATTTACATTT	0.539
17787	TTCGAATTTACATTTTGGT	0.864
17788	TGGCGAAGATGGATAATCA	0.59
17789	CGAAGATGGATAATCATCT	0.527
17790	ATGGATAATCATCTTTGAA	0.652
17792	CATCTTTGAAAAGCATCCG	0.873
17795	AAAAGCATCCGTAGTTTAA	0.502
17796	AGCATCCGTAGTTTAAACA	0.681
17798	ATCCGTAGTTTAAACAAGC	0.922
17799	CGTAGTTTAAACAAGCCTC	0.732
17800	GTAGTTTAAACAAGCCTCC	0.825
17801	TAAACAAGCCTCCTTCCCA	0.78
17803	CAAGCCTCCTTCCCACGGA	0.524
17805	TCCTTCCCACGGAGTCCCT	0.721
17807	TTCCCACGGAGTCCCTTTC	0.893
17808	TCCCACGGAGTCCCTTTCT	0.631
17809	CCCACGGAGTCCCTTTCTT	0.456
17810	CACGGAGTCCCTTTCTTTC	0.531
17811	GAGTCCCTTTCTTTCCTGG	0.549
17812	TCCCTTTCTTTCCTGGAAT	0.839
17813	TTCCTGGAATGGCGCACTC	0.726
17815	GCACTCCCAGTTCATGAGG	0.722
17816	CACTCCCAGTTCATGAGGT	0.588
17817	ACTCCCAGTTCATGAGGTT	0.345
17818	CAGTTCATGAGGTTCATCG	0.782
17820	TTCATGAGGTTCATCGTGC	0.844
17821	AGGTTCATCGTGCCATCGG	0.818
17822	GGTTCATCGTGCCATCGGG	0.55
17823	GTTCATCGTGCCATCGGGA	0.488
17824	GACAGCCACGAAACCAAAT	0.516
17825	GCCACGAAACCAAATGGGT	0.569
17826	CCACGAAACCAAATGGGTG	0.854
17827	GAAACCAAATGGGTGGTCT	0.798
17828	TTCTTATCGCGCTCGCCAG	0.824
17829	TTATCGCGCTCGCCAGCAT	0.713
17830	GCCAGCATGCTTCTTGGCC	0.572
17831	GCCATGGGACCCTCAGCCC	0.457
17832	CCATGGGACCCTCAGCCCC	0.428
17833	ATGGGACCCTCAGCCCCTC	0.45
17834	GGCCCCAGGGTCGGTGGAG	0.44
17835	AGGGTCGGTGGAGGAAGCT	0.494
17836	GTGGAGGAAGCTTCAGTGC	0.585
17837	AAGCTTCAGTGCCACTGGC	0.579
17838	GTGCCACTGGCCAGGGCCC	0.43
17839	ACTGGCCAGGGCCCGACCG	0.415
17840	GGCCAGGGCCCGACCGGCT	0.43
17841	GCCCGACCGGCTTCGGCCC	0.364
17842	CCCGACCGGCTTCGGCCCT	0.491
17843	TTCGGCCCTGCCGCTGGGC	0.42
17844	CGTGGATCTCTGTGAGCAG	0.548
17845	ATCTCTGTGAGCAGACGGG	0.701
17846	GTGAGCAGACGGGCCCGAG	0.55
17847	ACGGGCCCGAGCTGCATAC	0.47
17848	CGGGCCCGAGCTGCATACT	0.498
17849	GGGCCCGAGCTGCATACTC	0.534
17850	CCCGAGCTGCATACTCCTC	0.567
17851	CTGCATACTCCTCGTAGTT	0.4
17852	ATACTCCTCGTAGTTCTCC	0.563
17853	TCGTAGTTCTCCAAGAGCA	0.778
17854	GTAGTTCTCCAAGAGCAGG	0.707
17855	TAGTTCTCCAAGAGCAGGC	0.76
17856	TCTCCAAGAGCAGGCGGCC	0.694
17857	AGGCGGCCCGCCTCCTCGT	0.443
17858	CCGCCTCCTCGTTGAGTGC	0.485
17859	CCTCGTTGAGTGCAGACTC	0.715
17860	CTCGTTGAGTGCAGACTCG	0.706
17861	GAGTGCAGACTCGGGGTTA	0.395
17862	GACTCGGGGTTAGGGTGGA	0.394
17863	GGGTGGATCAGCAGGCACT	0.557
17864	GTGGATCAGCAGGCACTTG	0.635
17865	GATGGTCAGCAGTACGTGT	0.593
17866	ATGGTCAGCAGTACGTGTC	0.855
17867	GGATGCCCAGCTCAGCCGT	0.523
17868	CCTCTTGAGCACGTTGACG	0.631
17869	TCTTGAGCACGTTGACGCA	0.745
17870	CTTGAGCACGTTGACGCAG	0.678
17871	GTTGACGCAGATCTCGCCA	0.856
17872	TCTCGCCATTGGCGCCCAC	0.544
17873	CATTGGCGCCCACGTTCGG	0.449
17874	CCACGTTCGGGTGGAAGAT	0.316
17875	CGTTCGGGTGGAAGATCTT	0.604
17876	TCTTGGTCAGGAAGTAGCC	0.917
17877	AGGAAGTAGCCCTTGGGTG	0.815
17878	GGAAGTAGCCCTTGGGTGG	0.547
17879	AGTAGCCCTTGGGTGGGGA	0.489
17880	AGCCCTTGGGTGGGGAGGC	0.463
17881	GGGGAGGCAGGGAAGTCCT	0.552
17882	CAGGGAAGTCCTTCCCCAG	0.404
17883	AGGGAAGTCCTTCCCCAGC	0.539
17884	TTCCCCAGCAGGAGTTTCA	0.54
17885	GAGTTTCATGCGGAACAGA	0.423
17886	CATGCGGAACAGACCTCCA	0.585
17887	GACCTCCAGCATATGGGGT	0.499
17888	CCAGCATATGGGGTCCCCT	0.365
17889	CATATGGGGTCCCCTCAGG	0.252
17890	ATATGGGGTCCCCTCAGGG	0.465
17891	GGGTCCCCTCAGGGCCCTC	0.446
17892	TCAGGGCCCTCGATGGTGA	0.359
17893	CAGGGCCCTCGATGGTGAC	0.451
17894	TGAGGTCCTCCTCGTTGGG	0.54
17895	GAGGTCCTCCTCGTTGGGA	0.357
17896	AGGTCCTCCTCGTTGGGAA	0.416
17897	GTCCTCCTCGTTGGGAAAG	0.339
17898	CCTCGTTGGGAAAGACCTT	0.53
17899	TGGGAAAGACCTTGATGCC	0.573
17900	GGAAAGACCTTGATGCCAT	0.565
17901	GACCTTGATGCCATCGGGT	0.664
17902	CCTTGATGCCATCGGGTGG	0.472
17903	TGATGCCATCGGGTGGGTC	0.617
17904	GCCATCGGGTGGGTCTGCG	0.515
17905	GGGTGGGTCTGCGGTCAGT	0.436
17906	TGCGGTCAGTGTCGTCACC	0.887
17907	TCCGAATCGGAGGGTGAAC	0.611
17908	CCGAATCGGAGGGTGAACT	0.553
17909	CGGAGGGTGAACTCTTCGG	0.626
17910	GAGGGTGAACTCTTCGGCA	0.599
17911	GGGTGAACTCTTCGGCATT	0.516
17913	CTTCGGCATTCTTTCTGAA	0.577
17914	ATTCTTTCTGAACAGCTCC	1.077
17915	AACAGCTCCGGATTCTGTG	0.978
17916	ACAGCTCCGGATTCTGTGT	0.854
17917	AGCTCCGGATTCTGTGTCA	0.548
17918	GCTCCGGATTCTGTGTCAG	0.796
17919	GTCAGCAGGTCAGCGAGGT	0.586
17920	GCAGGTCAGCGAGGTCCAT	0.438
17921	AGGTCAGCGAGGTCCATCC	0.805
17922	GGTCAGCGAGGTCCATCCG	0.716
17924	AGCGAGGTCCATCCGCAGG	0.818
17925	GCGAGGTCCATCCGCAGGG	0.597
17926	GGTCCATCCGCAGGGGCTC	0.559
17927	CCATCCGCAGGGGCTCCCT	0.601
17928	GGGGCTCCCTGATATTCGG	0.5
17929	TGATATTCGGTCTATTCAC	0.899
17930	CGGTCTATTCACCAGCACA	0.59
17931	CTATTCACCAGCACATTGA	0.691
17932	GCACATTGAGGGCCTCCAG	0.482
17933	ACATTGAGGGCCTCCAGGA	0.742
17935	CCTCCAGGACTTGGCAAGT	0.318
17936	TGGCAAGTCTTGGTGCAAG	0.896
17937	TCTTGGTGCAAGGCTTCCA	0.777
17938	TGGTGCAAGGCTTCCAGTT	0.778
17939	CTTCCAGTTCTCACTGCTG	0.749
17940	TCCAGTTCTCACTGCTGAT	0.829
17941	CCAGTTCTCACTGCTGATG	0.657
17942	CAGTTCTCACTGCTGATGA	0.613
17943	TCTCACTGCTGATGATGGG	0.74
17944	GATGATGGGCAGGCAAATC	0.713
17946	CTCGTCCACGTTGGGGTGG	0.676
17947	TCGTCCACGTTGGGGTGGT	0.649
17948	CGTCCACGTTGGGGTGGTA	0.374
17949	TCCACGTTGGGGTGGTAGA	0.53
17950	TGGGGTGGTAGATCTTGGT	0.908
17951	GGGGTGGTAGATCTTGGTT	0.436
17952	GTGGTAGATCTTGGTTGTG	0.458
17953	GTAGATCTTGGTTGTGAAT	0.51
17954	GATCTTGGTTGTGAATTTG	0.859
17955	TTGTGAATTTGATCATGGG	0.952
17957	TTGATCATGGGAGGCTTGA	0.867
17958	TGATCATGGGAGGCTTGAA	0.712
17959	GGAGGCTTGAACGGATACT	0.537
17960	AGGCTTGAACGGATACTCC	0.846
17961	ACGGATACTCCGGCGGGAA	0.43
17962	CGGATACTCCGGCGGGAAG	0.381
17963	ACTCCGGCGGGAAGCTGAT	0.523
17964	GGGAAGCTGATGCGCAGGT	0.709
17965	GGAAGCTGATGCGCAGGTT	0.516
17966	TGCGCAGGTTGAAGGCTTT	0.698
17968	GTAGGGAGGTTGGTCGGGT	0.64
17969	GGGAGGTTGGTCGGGTAGG	0.556
17970	GAGGTTGGTCGGGTAGGAG	0.635
17971	GGTTGGTCGGGTAGGAGGA	0.495
17972	TTGGTCGGGTAGGAGGAGA	0.799
17973	GTCGGGTAGGAGGAGAGCG	0.737
17974	GGTAGGAGGAGAGCGTGCC	0.625
17975	TAGGAGGAGAGCGTGCCAC	0.969
17976	AGGAGAGCGTGCCACACCA	0.895
17977	GAGCGTGCCACACCAGGAC	0.742
17979	CAGGACATTGGCATCATCG	0.971
17980	AGGACATTGGCATCATCGC	1.072
17981	GGACATTGGCATCATCGCT	0.873
17982	GGCATCATCGCTGGACAGG	0.776
17983	CGCTGGACAGGTTCCGCAG	0.761
17984	CTGGACAGGTTCCGCAGGT	0.738
17985	ACAGGTTCCGCAGGTATGG	0.883
17986	ATTTCTCTTTGTGTTGGAT	0.691
17987	TTCTCTTTGTGTTGGATGA	0.93
17989	CTCTTTGTGTTGGATGACG	0.863
17990	TTGTGTTGGATGACGCCCT	1.071
17991	CCCTTCTGAATCAGATCAG	0.732
17992	TGAATCAGATCAGGGATTT	0.81
17993	TCAGGGATTTCCACTGCCA	0.714
17994	AGGGATTTCCACTGCCAGC	0.485
17996	ACTGCCAGCCATGGACCCA	0.352
17997	CTGCCAGCCATGGACCCAG	0.605
17998	TGGACCCAGCCCCAGAGCC	0.699
18000	AGCCCCAGAGCCATGAGAT	0.538
18001	AGCCATGAGATGAGCTAGT	0.538
18002	CCATGAGATGAGCTAGTCC	0.617
18003	TCCAAATTTGGGCACATTC	0.679
18004	ATTTGGGCACATTCCTGGC	0.772
18005	ATTCCTGGCCCACAAAGGT	0.569
18007	ACAAAGGTTTGAAATGATC	0.988
18008	AAGGTTTGAAATGATCCGT	1.06
18009	AGGTTTGAAATGATCCGTC	1.227
18010	GTTTGAAATGATCCGTCAG	0.657
18011	TTGAAATGATCCGTCAGGC	1.173
18012	CCGTCAGGCATATTTTGCC	0.999
18013	TGCCACCCCTGTACATCTT	0.623
18014	CACCCCTGTACATCTTTGC	1.081
18015	CCTGTACATCTTTGCTGTC	0.501
18016	TGTACATCTTTGCTGTCTT	1.126
18017	ATCTTTGCTGTCTTTCCAT	0.699
18018	CTTTGCTGTCTTTCCATCC	1.026
18019	TCTTTCCATCCAGCTCAGG	1.201
18020	CATCCAGCTCAGGAACTGC	0.801
18021	CCAGCTCAGGAACTGCAAT	0.616
18022	GAACTGCAATTTCTGGGGC	0.617
18023	AACTGCAATTTCTGGGGCA	0.449
18024	TGCAATTTCTGGGGCAGTA	0.522
18026	TGGGGCAGTAGTAGGATAT	0.782
18027	CAGTAGTAGGATATGTGAT	0.692
18028	ATATGTGATAGGAATGTCA	1.146
18029	GATAGGAATGTCAAACTCG	0.957
18030	TCAAACTCGATGTCAAACT	1.216
18031	GATGTCAAACTCATATTTC	0.669
18032	ATGTCAAACTCATATTTCA	0.753
18033	AACTCATATTTCAGGAGGT	0.435
18034	CAGGAGGTCATGGATATAC	0.96
18035	GGAGGTCATGGATATACCA	0.314
18037	ATATACCAGCATTTTCCAA	0.568
18038	TTTCCAAACCACCGAGTTC	0.977
18039	CCAAACCACCGAGTTCCTT	0.322
18040	AACCACCGAGTTCCTTCCT	0.618
18041	GTTCCTTCCTTGTTGGACT	0.835
18042	CTTCCTTGTTGGACTCCAG	0.663
18043	TGGACTCCAGTCGGAACCA	0.719
18044	TCGGAACCAATCGTTGTCA	0.761
18045	GGAACCAATCGTTGTCAGC	0.78
18046	CGTTGTCAGCATTCTTGTT	0.433
18047	TTGTCAGCATTCTTGTTGT	0.864
18048	CATTCTTGTTGTTCTCCAC	0.689
18049	GTTGTTCTCCACATACCGG	0.723
18051	TCTCCACATACCGGATAAG	0.784
18052	ACATACCGGATAAGGGACT	0.746
18053	CATACCGGATAAGGGACTG	0.788
18054	ATACCGGATAAGGGACTGA	0.889
18055	TACCGGATAAGGGACTGAT	0.991
18056	CTGATATTCCTCCTTCAGT	0.752
18057	ATATTCCTCCTTCAGTCGC	1.066
18058	TATTCCTCCTTCAGTCGCT	0.931
18059	ATTCCTCCTTCAGTCGCTG	1.005
18060	TCCTTCAGTCGCTGCACCC	0.859
18062	AGTCGCTGCACCCACAACT	0.804
18064	TCACGATCTCGGGGTCCGG	0.566
18065	TTTCTTTTCTATGCCTACT	1.016
18066	CTTTTCTATGCCTACTAGC	1.06
18067	TACTAGCTGACTGGCCTTC	0.919
18068	CCTTCCTTTTCTGTGTTGA	0.655
18069	TGTTGAGTTGTGTACTCTG	0.83
18070	TTGTGTACTCTGGAGTCAC	1.08
18071	GTGTACTCTGGAGTCACCA	0.803
18072	GTCACCAGCCTCTGGTAGA	0.635
18073	TCACCAGCCTCTGGTAGAT	0.97
18074	CTCTGGTAGATTATCAAGC	1.01
18075	AGATTATCAAGCATCTCTT	0.994
18076	GATTATCAAGCATCTCTTC	0.859
18077	TTATCAAGCATCTCTTCCT	1.13
18078	ATCAAGCATCTCTTCCTCA	0.916
18079	CAAGCATCTCTTCCTCATC	0.951
18080	GCATCTCTTCCTCATCAGC	0.738
18081	TTTCTGTCTTGCATGCTTC	0.971
18082	CTGTCCACTGTCTGGCATT	0.775
18083	GTCCACTGTCTGGCATTCT	0.95
18084	TCTGGCATTCTTGAGGAAG	0.76
18086	ATTATATTTAAATTCTGAG	0.859
18087	TTAAATTCTGAGGATATGT	1.14
18088	AGCCATGAGCGGGTCATCA	0.756
18089	CCATGAGCGGGTCATCAGG	0.835
18090	CATGAGCGGGTCATCAGGG	0.912
18091	ATGAGCGGGTCATCAGGGT	1.007
18092	GGGTCATCAGGGTTGGGTT	0.527
18093	TGGGTTCTGACATGAGCAG	1.045
18094	GGTTCTGACATGAGCAGCT	0.794
18095	GCAGCTGAATAGAGGTCAA	0.492
18096	TAGAGGTCAACACAGTTGC	1.145
18097	GGTCAACACAGTTGCGATG	0.848
18098	AACACAGTTGCGATGTTGA	1.026
18099	ACAGTTGCGATGTTGAGGG	1.062
18100	GGGATGGTCTCCAAGCACC	0.804
18101	GGATGGTCTCCAAGCACCT	0.656
18102	GATGGTCTCCAAGCACCTT	0.605
18103	GTCTCCAAGCACCTTTTGG	0.849
18104	AGCACCTTTTGGTGGCAAT	0.438
18105	CTTTTGGTGGCAATTTGAG	0.685
18106	TGGTGGCAATTTGAGAACA	0.533
18107	GGCAATTTGAGAACATCCA	0.719
18108	CAATTTGAGAACATCCAGA	0.808
18109	GAGAACATCCAGACAAATC	0.75
18110	AACATCCAGACAAATCCTT	0.799
18111	CATCCAGACAAATCCTTCC	0.961
18112	GACAAATCCTTCCAGCAGA	0.878
18113	AATCCTTCCAGCAGAATCA	0.954
18114	AATCAATGTTTGGATGATA	0.674
18115	TGTTTGGATGATAAATTGG	1.013
18116	TTTGGATGATAAATTGGAG	1.071
18117	GGATGATAAATTGGAGTGA	0.568
18118	AAATTGGAGTGAGAAATCG	1.068
18119	ATTGGAGTGAGAAATCGGA	1.093
18120	AAATCGGATCTGAGGAGGT	1.004
18121	TCGGATCTGAGGAGGTTCA	1.051
18122	CGGATCTGAGGAGGTTCAA	0.565
18124	GAGGTTCAAATGGGTACCT	0.631
18125	TTCAAATGGGTACCTCTCA	0.874
18126	CAAATGGGTACCTCTCAGG	0.785
18127	ATGGGTACCTCTCAGGAAT	1.141
18128	ACCTCTCAGGAATGATAAC	0.754
18129	CTCTCAGGAATGATAACTT	0.794
18130	ATGATAACTTCTAGCTTAA	0.899
18131	AAAACACCTTTCTCATAAG	0.925
18132	CCTTTCTCATAAGGTGTGT	0.747
18133	GTGTTGGCTCCACCTAATA	0.574
18134	CTCCACCTAATATTTGAGC	0.871
18135	CACCTAATATTTGAGCTCG	0.9
18136	ACCTAATATTTGAGCTCGC	0.716
18137	TAATATTTGAGCTCGCAGG	1.021
18138	ATATTTGAGCTCGCAGGTC	1.008
18139	TCGCAGGTCATCCATTTGG	0.953
18140	GTCATCCATTTGGTCTTTA	0.632
18141	GGTCTTTATCTTGCCAACA	0.758
18142	CTTGCCAACATGTGATGCC	0.873
18143	TGCCAACATGTGATGCCTG	0.908
18144	ACCATTTTGTTTTCTTTGG	1.013
18145	TTTGTTTTCTTTGGATTCT	1.057
18146	TTTCTTTGGATTCTTGTTA	1.146
18147	TTCTTGTTACATGTTCGCA	1.039
18148	TCTTGTTACATGTTCGCAC	1.252
18149	TTGTTACATGTTCGCACAT	0.887
18150	AAAAGAATTATCCGGTGGT	0.967
18151	AAAGAATTATCCGGTGGTC	0.964
18152	TATCCGGTGGTCGTCTCTT	0.827
18153	TGGTCGTCTCTTTTCCTTG	1.098
18154	GGTCGTCTCTTTTCCTTGC	1.121
18155	TTTCCTTGCAGCTGGAAAG	1.03
18156	TCCTTGCAGCTGGAAAGCA	1.103
18157	AGCTGGAAAGCATGCTAAT	0.675
18158	GGAAAGCATGCTAATAATG	0.932
18159	AAAGCATGCTAATAATGCT	0.848
18160	AATGCTAAGACAAACTGAT	1.07
18161	ATGCTAAGACAAACTGATT	1.042
18162	CTAAGACAAACTGATTGGA	0.85
18163	AGACAAACTGATTGGACTG	1.215
18164	CTGATTGGACTGAGAGCGC	1.088
18165	GAGAGCGCTGGGGACCAGT	0.931
18166	GCGCTGGGGACCAGTCTTC	0.805
18167	CGCTGGGGACCAGTCTTCT	0.884
18168	GGGGACCAGTCTTCTGTTA	0.647
18169	GGACCAGTCTTCTGTTAGA	0.733
18170	AGTCTTCTGTTAGAATGGA	0.641
18171	TCTTCTGTTAGAATGGATA	0.839
18172	CTGTTAGAATGGATAAACA	0.662
18173	TTAGAATGGATAAACAGAT	0.966
18174	TAGAATGGATAAACAGATA	0.859
18175	TGACCATTGCTATAAACAT	0.962
18176	TTGCTATAAACATGAGGAT	1.043
18177	GCTATAAACATGAGGATGA	0.788
18178	TATAAACATGAGGATGAAC	1.054
18179	TAAACATGAGGATGAACAG	1.126
18180	AACATGAGGATGAACAGGA	1.083
18181	ACATGAGGATGAACAGGAA	0.73
18182	ATGAGGATGAACAGGAATA	1.04
18183	GGATGAACAGGAATATTTT	0.535
18184	TGAACAGGAATATTTTCAC	0.82
18185	AACAGGAATATTTTCACCA	1.151
18186	ACAGGAATATTTTCACCAG	1.078
18187	AGGAATATTTTCACCAGTA	0.944
18188	GAATATTTTCACCAGTAAA	0.912
18189	TTCACCAGTAAACATGACC	1.032
18190	GACCTGAGGAGAGTCAAAA	0.95
18191	CTGAGGAGAGTCAAAAGGA	0.784
18192	GAGAGTCAAAAGGATATCG	0.857
18193	AGAGTCAAAAGGATATCGA	0.747
18194	AGTCAAAAGGATATCGACT	0.814
18195	CAAAAGGATATCGACTACT	1.235
18197	TATCGACTACTAAATTTAA	0.799
18198	ATCGACTACTAAATTTAAA	0.88
18199	GACTACTAAATTTAAATAG	0.835
18200	CTAAATTTAAATAGAAGTT	0.961
18201	TTAAATAGAAGTTGAAATT	0.975
18202	TTCCCCTTCATATAAGGTA	1.111
18203	ATATAAGGTACCTGGTGCA	0.78
18204	TAAGGTACCTGGTGCACCT	0.932
18205	TACCTGGTGCACCTTCCAT	0.861
18206	CTGGTGCACCTTCCATGTC	0.949
18207	GGTGCACCTTCCATGTCTA	0.389
18208	CATGTCTACAATCCACTGT	1.104
18209	ATGTCTACAATCCACTGTG	1.152
18210	TGTCTACAATCCACTGTGT	0.993
18211	TCTACAATCCACTGTGTAA	0.926
18212	TACAATCCACTGTGTAATT	1.118
18213	CACTGTGTAATTGAATTTT	0.768
18214	GTGTAATTGAATTTTGAAC	0.736
18215	ATTGAATTTTGAACACTCT	1.091
18216	TTGAATTTTGAACACTCTT	1.135
18217	AATTTTGAACACTCTTCTC	1.156
18218	CTCTTCTCATTTAAGGTCA	0.75
18219	TCTTCTCATTTAAGGTCAT	0.689
18220	CTCATTTAAGGTCATTCCA	0.964
18221	TTTAAGGTCATTCCAGGAG	1.003
18222	TTAAGGTCATTCCAGGAGG	0.993
18223	AATATGTATTCGTTTGCCA	1.1
18224	TGTATTCGTTTGCCAGATA	0.916
18225	ATTCGTTTGCCAGATATAT	0.959
18226	ATTCGTCGGAATATAAGAG	0.988
18227	CTGCCAATGCCAAAGTCAG	0.764
18228	GGATGACAATCAGTACAGC	0.624
18229	CAGTACAGCTGACCCACCA	0.834
18231	GGTTGTCTCTTGGCTGGTG	0.558
18232	TTGGCTGGTGGCCCTGGAT	0.76
18234	ACATCTGGTGAAGTAGACA	0.731
18235	GAAGTAGACAACCTTCTCT	0.788
18236	ACTCTGCTGCTGGGCCCGG	0.474
18237	CTGCTGCTGGGCCCGGCGC	0.353
18238	TTCTTAGCTACAGGTTGGG	0.785
18240	AGGTTGGGTAGGTTGATGA	0.479
18241	TGGGTAGGTTGATGAAAGG	0.562
18246	TGGCCGTAGCACCCTGGAA	0.751
18247	GGTATATCATCTTGTAAAT	0.476
18248	TTGTAAATCAGTTAGTGAA	0.675
18249	AGTGGTTTAAGTCTGACTC	0.887
18252	TTCCAGATGAATTGACTTC	0.753
18253	TCCAGATGAATTGACTTCT	0.796
18254	CCAGATGAATTGACTTCTG	0.605
18255	CAGATGAATTGACTTCTGC	0.544
18256	CTGCCTTAAAGCTTATTTG	0.56
18257	GTTCTTTGGCTTCTTGGTC	0.567
18258	TCTTTGGCTTCTTGGTCAG	0.731
18260	GCTTCCAGATTTTAAAGGC	0.504
18261	TTCCAGATTTTAAAGGCAA	0.705
18262	TCCAGATTTTAAAGGCAAC	0.552
18267	GCAAGTGCTCTTCTTTCCT	0.707
18269	AACCTATGGCTCCCTCTCC	0.61
18270	TGGCTCCCTCTCCTTTTGT	0.417
18271	CCCTCTCCTTTTGTTGGCA	0.287
18276	TGATGGCTAATAATGCTGT	0.547
18277	TGGCTAATAATGCTGTCCT	0.748
18278	TAATGCTGTCCTTATACTC	0.914
18280	AGGATGATGGCCTGAGATG	0.647
18281	ATGATGGCCTGAGATGCTC	0.641
18282	TGGCCTGAGATGCTCAAAC	0.726
18283	CCTGAGATGCTCAAACAGA	0.56
18286	CCCACTTCAAATCGACCAT	0.563
18288	CACTTCAAATCGACCATTA	0.463
18290	AATCGACCATTAGCCGTTA	0.84
18293	TAATGCTTGGTGGTTTCAT	0.681
18295	CATGGGATACTCTGGTGGC	0.536
18296	ACTATCCGCCCGTGATAAA	0.518
18297	ACTCCTCCATCAAAATCGG	0.48
18300	GGCTGCGCATGGTAATGAT	0.552
18302	GAGCTGTCTGTTTGAACAT	0.646
18303	CTGTCTGTTTGAACATTTC	0.766
18304	TCTGTTTGAACATTTCGGG	0.927
18305	TTTGAACATTTCGGGATTT	0.738
18306	TTTCGGGATTTTGTTTGTA	0.661
18307	TTCGGGATTTTGTTTGTAC	0.739
18308	CGGGATTTTGTTTGTACTG	0.701
18309	TTGTTTGTACTGATTTGCT	0.778
18310	TTGTACTGATTTGCTACTA	0.879
18311	TGTACTGATTTGCTACTAC	0.921
18312	ACTGATTTGCTACTACAGC	0.874
18313	GATTTGCTACTACAGCATC	0.655
18314	TTTGCTACTACAGCATCCT	0.921
18315	TTGCTACTACAGCATCCTG	0.93
18316	TGCTACTACAGCATCCTGT	0.899
18317	CTACAGCATCCTGTGGATC	0.676
18318	AGCATCCTGTGGATCATCT	0.68
18319	CATCCTGTGGATCATCTGG	0.667
18320	ATCCTGTGGATCATCTGGC	0.749
18321	TGTGGATCATCTGGCTCTG	0.825
18322	ATCTGGCTCTGCAGCTGCC	0.818
18323	TGGCTCTGCAGCTGCCAAT	0.85
18324	CTCTGCAGCTGCCAATAGT	0.62
18325	TAGTGCTTGCAATGACAAT	0.854
18326	AGTGCTTGCAATGACAATA	0.892
18327	TGACAATAATACCGTGCGG	0.633
18328	ATACCGTGCGGAGAGTCAT	0.857
18329	TGCGGAGAGTCATTGCAGC	0.871
18330	GGAGAGTCATTGCAGCTGC	0.474
18331	GAGAGTCATTGCAGCTGCC	0.576
18332	GAGTCATTGCAGCTGCCCA	0.442
18333	ATTGCAGCTGCCCATTGAT	0.484
18334	GCTGCCCATTGATCTTTCA	0.573
18335	CTGCCCATTGATCTTTCAG	0.792
18336	TCTTTCAGGATATCCAAAC	0.871
18337	CTTTCAGGATATCCAAACA	0.587
18338	TTCAGGATATCCAAACAAA	0.789
18339	TATCCAAACAAATAGCCCC	0.812
18340	ATCCAAACAAATAGCCCCT	0.71
18341	AATAGCCCCTGTGACGGAA	0.555
18342	TGACGGAACTAATATTAGG	0.749
18343	ACGGAACTAATATTAGGAT	0.532
18344	AACTAATATTAGGATGCCA	0.616
18345	TATTAGGATGCCATATTTT	0.673
18346	TAGGATGCCATATTTTAGT	0.76
18347	CATATTTTAGTGATAAACC	0.812
18348	TATTTTAGTGATAAACCGG	0.897
18349	ATTTTAGTGATAAACCGGA	0.73
18350	ATTAAATGGGTATGTTTCT	0.723
18351	TAAATGGGTATGTTTCTGG	0.724
18352	ATGGGTATGTTTCTGGTAT	0.763
18353	TTTTATCTCTAGTTGGTAT	0.785
18354	TCTAGTTGGTATCTTCCTC	0.793
18355	TAGTTGGTATCTTCCTCCT	0.754
18356	AGTTGGTATCTTCCTCCTT	0.681
18357	TTGGTATCTTCCTCCTTCA	0.827
18358	CTTCCTCCTTCATATGGTG	0.695
18359	CTCCTTCATATGGTGTGTC	0.642
18360	TCCTTCATATGGTGTGTCT	0.81
18361	CCTTCATATGGTGTGTCTG	0.728
18362	TTCATATGGTGTGTCTGGA	0.739
18363	CATATGGTGTGTCTGGAGG	0.669
18364	TGGTGTGTCTGGAGGTCCT	0.746
18365	TGTCTGGAGGTCCTGCTAT	0.698
18366	GTCTGGAGGTCCTGCTATT	0.561
18367	TCTGGAGGTCCTGCTATTT	0.654
18368	AGGTCCTGCTATTTCTCCT	0.694
18369	GGTCCTGCTATTTCTCCTC	0.548
18370	CTATTTCTCCTCTTAATTC	0.742
18371	TCCTCTTAATTCTGTAAAA	0.476
18372	TGTAAAATTCTCATCTACA	0.895
18373	GTAAAATTCTCATCTACAA	0.551
18374	TAAAATTCTCATCTACAAG	0.913
18375	AAAATTCTCATCTACAAGA	0.844
18376	AAATTCTCATCTACAAGAT	0.813
18377	TTCTCATCTACAAGATCTA	0.857
18378	CTCATCTACAAGATCTACT	0.882
18379	TCATCTACAAGATCTACTT	0.889
18380	CTACAAGATCTACTTTAAT	0.458
18381	GGTCTTTGTCCCATATGCT	0.531
18382	GTCTTTGTCCCATATGCTG	0.517
18383	GTCCCATATGCTGGCCAAG	0.52
18384	GCCAAGTGTGTCCACCACC	0.522
18385	ACCACCTGCTCAGTCAGAG	0.468
18386	CTCAGTCAGAGCAGAGATG	0.427
18387	CGAGGAGACTGGACAGCCA	0.674
18388	TGATGGAGGGCTGGGTGGC	0.608
18389	TGGAGGGCTGGGTGGCTGA	0.512
18390	GGTGGCTGATCCTGGGAGT	0.447
18391	GCTGATCCTGGGAGTAGTG	0.464
18392	GATCCTGGGAGTAGTGACT	0.646
18393	CTGGCCCAAGACAAGGGCA	0.37
18394	AAGACAAGGGCAAGGGTCA	0.539
18395	TCACAGGCCATCTACTTGA	0.671
18396	TTGTCGAACTTCTTATGGC	0.886
18397	TATGGCTGTAGAGCTTGTT	0.766
18398	CCAGTCACACAGGAAGGAG	0.475
18399	GGAGCCCACCCCGATGGAG	0.385
18400	GAGGTCAGAGCAGTGGCCA	0.57
18401	GCAGTGGCCAGATTGATGA	0.431
18402	GGGAATGAGACTGAATTTC	0.397
18403	GAATGAGACTGAATTTCCC	0.726
18404	GAGACTGAATTTCCCTGCC	0.515
18405	CCATGCACGATAACATCGA	0.574
18406	ATTCGAATCCCATAGGCTT	0.76
18407	GATGAGAGTTCGAGTGGTG	0.647
18408	GAGTTCGAGTGGTGGTAGT	0.436
18409	GTAGTGCCGTTTATCTTGT	0.506
18410	TATCTTGTAATACTTGGCA	0.768
18411	ATCTTGTAATACTTGGCAA	0.567
18412	GGCAAACCTGAAGTTGTAG	0.57
18413	AGCCTGAGGAGGCAGGGTC	0.619
18414	TTGCACTCTGATTCAGACA	0.809
18415	ACAAGTCCAGGTCACAGTT	0.386
18416	GTCCAGGTCACAGTTCCAG	0.703
18417	GTTCCAGTTGATGATGACT	0.337
18418	ATGATGACTCCAATGACAC	0.59
18419	GTTCTGTGAAGTTCTCTCC	0.617
18420	GTTCTCTCCTGCCTTCTCA	0.323
18421	TCCTGCCTTCTCAACAATG	0.614
18422	CAACAATGAAACCCAGCCT	0.649
18423	ATGGGTCAGAGTCCTGATC	0.813
18424	ATGTGCAATGCTTGAGGTA	0.723
18425	TCACTCTTCTGGCTTGCAA	0.728
18427	GAACTTGAACTTGGGGTAG	0.628
18428	TGGATGCTGTTCTTGATGA	0.537
18429	GATGAGGATGGTGAAATTT	0.236
18430	CCCAGAAAATGGTTGTCAG	0.403
18431	GAAAATGGTTGTCAGAAGT	0.335
18433	GTTCCATCCTCCACCGGGC	0.484
18434	GACACCTCGCAGGTCTTGG	0.687
18435	ATAGGGTACACAGTGCCCT	0.55
18436	AGTGCCCTGTGCGAATCCC	0.66
18437	TGCGAATCCCATTGCCTTG	0.644
18438	CATTGCCTTGCATGTCCAG	0.552
18439	CCTTGCATGTCCAGCTGTC	0.353
18440	TCTGAATGGCAGGTAGAGC	0.794
18441	GAATGGCAGGTAGAGCTGT	0.423
18442	TGGCAGGTAGAGCTGTGAA	0.517
18443	ATGTTCCCAAGGTCTGGGA	0.504
18444	AAGGGGTAACCTCGATCCT	0.768
18445	TCGATCCTGGTGATGATGC	0.785
18446	GATGATGCTGACTACACTG	0.784
18447	GGGGCTTTACGTATTCCTC	0.349
18448	GTCCCACACTTTGTCTTCC	0.695
18449	TCCCACACTTTGTCTTCCG	0.646
18450	TGGTGATCCCCTTGACTTT	0.662
18451	CTTGACTTTGGTGATGATG	0.715
18452	TGATGATGGAGCTCTCCGG	0.542
18453	CCGGTCTCGCTGTCCTGGT	0.495
18454	GTCTCGCTGTCCTGGTAGC	0.605
18455	CTGGTAGCTTTTCTGCACG	0.805
18456	TGGTAGCTTTTCTGCACGA	0.742
18457	TTCTGCACGATGAAGACGT	0.852
18458	GAAGTAAAGCAGGATGAGA	0.613
18459	CAGGCGCCGATTCCGCACC	0.693
18460	TAGCCTAGTCCATGCTCTA	0.738
18461	TCCATGCTCTAGCTGTTTC	1.003
18462	ATGCTCTAGCTGTTTCTAT	0.918
18463	TGCTCTAGCTGTTTCTATG	0.953
18464	CTAGCTGTTTCTATGGCTT	0.904
18465	GCTGTTTCTATGGCTTGGG	0.602
18466	TGTTTCTATGGCTTGGGCT	0.917
18467	GTTTCTATGGCTTGGGCTT	0.611
18468	TTTCTATGGCTTGGGCTTC	0.903
18469	TTCTATGGCTTGGGCTTCG	0.841
18470	TCTATGGCTTGGGCTTCGT	0.775
18471	TATGGCTTGGGCTTCGTTG	0.94
18472	TTGGGCTTCGTTGGTCTTC	0.854
18473	CTTCGTTGGTCTTCCACTG	0.78
18474	GGTCTTCCACTGCTCCGCT	0.439
18475	GTCTTCCACTGCTCCGCTA	0.402
18476	CTGCTCCGCTACATCATTT	0.432
18477	TGCTCCGCTACATCATTTG	0.642
18478	GCTCCGCTACATCATTTGC	0.498
18479	CGCTACATCATTTGCTAAT	0.342
18480	GCTACATCATTTGCTAATG	0.302
18481	CTACATCATTTGCTAATGG	0.779
18482	CATCATTTGCTAATGGATC	0.613
18483	ATCATTTGCTAATGGATCA	0.702
18484	TGCTAATGGATCATCTGGA	0.859
18485	TGGATCATCTGGATTGGGA	0.784
18486	GGATCATCTGGATTGGGAG	0.587
18487	GATAGCAGAACTGTGCGGA	0.635
18488	ATAGCAGAACTGTGCGGAT	0.542
18489	CAGAACTGTGCGGATCTGC	0.863
18490	ATCTGCAGTGCTGGGGACC	0.622
18491	CTGCAGTGCTGGGGACCAC	0.594
18492	GCAGTGCTGGGGACCACTT	0.482
18493	GGGGACCACTTATCTTTCA	0.345
18494	GACCACTTATCTTTCAAAA	0.355
18495	CTTATCTTTCAAAATATCT	0.571
18496	TTATCTTTCAAAATATCTA	0.806
18497	TATCTTTCAAAATATCTAG	0.856
18498	TTTCAAAATATCTAGACAT	0.759
18499	CTAGACATATTCTTCCCAA	0.528
18500	TTCTTCCCAACTTGTCTAC	0.94
18501	TTCCCAACTTGTCTACATT	0.938
18502	CCAACTTGTCTACATTAGG	0.694
18503	TTGTCTACATTAGGATGAT	0.464
18504	CTACATTAGGATGATAAAT	0.492
18505	TAGGATGATAAATTTTGGT	0.816
18506	AAATTTTGGTCATGAAACG	1
18507	AATTTTGGTCATGAAACGT	0.921
18508	GTCATGAAACGTACTTTAG	0.795
18509	TTAGGGGCTGCCATTGGGT	0.64
18510	GGCTGCCATTGGGTATTCT	0.447
18511	GGGTATTCTTCTGGAAGGA	0.369
18512	TATTCTTCTGGAAGGAATA	0.83
18513	CTTCTGGAAGGAATAGTTC	0.875
18514	CTGGAAGGAATAGTTCAAG	0.848
18515	TGGAAGGAATAGTTCAAGT	0.961
18516	GAAGGAATAGTTCAAGTTT	0.436
18517	GGAATAGTTCAAGTTTAAA	0.299
18518	AGTTCAAGTTTAAAAGTCC	0.872
18519	AAAAGTCCCTCCCTCAAAG	0.706
18520	GAATCCTGAGGGCCAGCAA	0.502
18521	GAGGGCCAGCAATGACCAC	0.541
18522	GGGCCAGCAATGACCACAT	0.471
18523	GCCAGCAATGACCACATGA	0.506
18524	CCAGCAATGACCACATGAA	0.395
18525	CAGCAATGACCACATGAAA	0.398
18526	GCAATGACCACATGAAAAT	0.471
18527	ACATGAAAATAACGGGCGT	0.624
18528	ATGAAAATAACGGGCGTTG	0.871
18529	GGGCGTTGCTCTCATCTGG	0.658
18530	TGCTCTCATCTGGTTCGGC	0.826
18531	CTCTCATCTGGTTCGGCTT	0.883
18532	ATCTGGTTCGGCTTTGATG	0.847
18533	TGGTTCGGCTTTGATGCCA	0.816
18534	CGGCTTTGATGCCAGGAAC	0.782
18535	GCTTTGATGCCAGGAACTG	0.614
18536	TTTGATGCCAGGAACTGGT	0.974
18537	TGATGCCAGGAACTGGTTC	0.36
18538	GATGCCAGGAACTGGTTCT	0.607
18539	TTTTCTTACACAGCGGGCA	0.943
18540	CTTACACAGCGGGCAACTT	0.79
18541	TTACACAGCGGGCAACTTT	0.939
18542	GGGCAACTTTTCTTTTAAA	0.435
18543	ACTTTTCTTTTAAATTCTC	0.564
18544	TTTTCTTTTAAATTCTCCA	0.742
18545	AAATTCTCCATTTCTATCT	1.02
18546	TTTCTATCTTCCCTCCATT	0.859
18547	TTCCCTCCATTCTTTCGCA	0.727
18548	CCCTCCATTCTTTCGCAGC	0.638
18549	CCTCCATTCTTTCGCAGCA	0.344
18550	TCTTTCGCAGCATCAACAT	1.042
18551	CTTTCGCAGCATCAACATT	0.935
18552	CAGCATCAACATTAGCAGG	0.975
18553	AGCATCAACATTAGCAGGT	0.939
18554	AACATTAGCAGGTGAGTCT	0.811
18555	GCAGGTGAGTCTCCATTAG	0.719
18556	TGAGTCTCCATTAGGGTCT	0.898
18557	AGGGTCTGCCAGCATAGAA	0.61
18558	CCAGCATAGAAATGACACT	0.476
18559	AGCATAGAAATGACACTAA	0.54
18560	ATAGAAATGACACTAATCA	0.785
18561	GACACTAATCATGATGGTT	0.654
18562	ACACTAATCATGATGGTTT	0.669
18563	ACTAATCATGATGGTTTCC	0.544
18564	ATGATGGTTTCCACAGTGT	0.893
18565	GATGGTTTCCACAGTGTGG	0.861
18566	ATGGTTTCCACAGTGTGGA	0.853
18567	GGTTTCCACAGTGTGGATA	0.412
18568	TCCACAGTGTGGATAGGGA	0.621
18569	CCACAGTGTGGATAGGGAG	0.629
18570	GTGTGGATAGGGAGCCAGC	0.64
18571	GGGAGCCAGCGTTCCTCTG	0.425
18572	AGCCAGCGTTCCTCTGGCT	0.378
18573	GCCAGCGTTCCTCTGGCTT	0.359
18574	CAGCGTTCCTCTGGCTTTT	0.326
18575	GCGTTCCTCTGGCTTTTCA	0.359
18576	TCCTCTGGCTTTTCATAAC	0.493
18577	TCTGGCTTTTCATAACCAT	0.392
18578	CTGGCTTTTCATAACCATA	0.318
18579	TTTTCATAACCATACTTAT	0.693
18580	TTTCATAACCATACTTATC	0.877
18581	CCATACTTATCTTCCCCAG	0.55
18582	TACTTATCTTCCCCAGGCT	0.786
18583	TATCTTCCCCAGGCTCATG	0.76
18584	ATCTTCCCCAGGCTCATGA	0.764
18585	GGCTCATGAAGAATAGAAA	0.295
18586	AATAGAAATGCACACATCA	0.748
18587	TAGAAATGCACACATCACC	0.947
18588	AGAAATGCACACATCACCA	0.85
18589	TTTTATCAACATTTGGGTG	0.731
18590	TCAACATTTGGGTGCCAGA	0.734
18591	AACATTTGGGTGCCAGATT	0.734
18592	GTGCCAGATTTCTGTAATG	0.501
18593	ATTTCTGTAATGAATTTCA	0.616
18594	TAATGAATTTCATTTTAGG	0.696
18595	ATGAATTTCATTTTAGGAG	0.879
18596	GAATTTCATTTTAGGAGGT	0.395
18597	ATTTTAGGAGGTCGGAGGG	0.624
18598	GAGGTCGGAGGGGATAATC	0.847
18599	AGGTCGGAGGGGATAATCT	0.842
18600	CACCTTCATAAAGTGTATC	0.66
18601	ACCTTCATAAAGTGTATCT	0.787
18602	TAAAGTGTATCTGGAGGGC	0.752
18603	GTGTATCTGGAGGGCCAAT	0.361
18604	GGAGGGCCAATAATAAGGA	0.447
18605	GGCCAATAATAAGGACTTC	0.876
18606	GCCAATAATAAGGACTTCC	0.71
18607	TAAGGACTTCCCATCGGTA	0.931
18608	GGACTTCCCATCGGTAGAG	0.683
18609	ACTTCCCATCGGTAGAGAT	0.677
18610	CCATCGGTAGAGATCATTG	0.867
18611	ATCGGTAGAGATCATTGTC	1.032
18612	CGGTAGAGATCATTGTCAT	0.405
18613	TTGTCATCTATTAAACCTG	0.975
18614	CATCTATTAAACCTGCAGA	0.606
18615	TCTATTAAACCTGCAGAAA	0.517
18616	TTAAACCTGCAGAAAAGCC	0.833
18617	GAAAAGCCTTCCACTGGAT	0.654
18618	CACTGTCTGGCTATCCTGT	0.552
18619	CTGTCTGGCTATCCTGTCG	0.78
18620	TGTCGTGTTCTGCTCTGTT	0.769
18621	TCGTGTTCTGCTCTGTTGG	0.888
18622	GTTGGTCAAATACTGAGTG	0.871
18623	TGGTCAAATACTGAGTGGC	0.909
18624	TCAAATACTGAGTGGCTAT	0.887
18625	GCTTCCAACCAGAGGATCC	0.598
18626	TCCAACCAGAGGATCCGCA	0.758
18627	CAGAGGATCCGCAGGGTTG	0.563
18628	GGATCCGCAGGGTTGCAGT	0.711
18629	GGGTTGCAGTCTGTCAAAA	0.503
18630	CTGTCAAAAGGGAACAAAT	0.478
18631	TGTCAAAAGGGAACAAATA	0.452
18632	AAAAGGGAACAAATAGACA	0.86
18633	AGGGAACAAATAGACAGCA	0.734
18634	ACAAATAGACAGCAAAACC	0.948
18635	ATAGACAGCAAAACCTTTG	0.924
18636	GCAAAACCTTTGAAATAGT	0.343
18637	AAATAGTCAAAGCGGGACT	0.567
18638	ATAGTCAAAGCGGGACTCC	0.692
18639	AGTCAAAGCGGGACTCCAG	0.72
18640	GGGACTCCAGTTGTCTTTA	0.438
18641	ACTCCAGTTGTCTTTAAGG	0.589
18642	GGATGTCCAGACAGATGAC	0.438
18643	TGTCCAGACAGATGACTCC	0.756
18644	CAGACAGATGACTCCCTGA	0.49
18645	AGACAGATGACTCCCTGAC	0.834
18646	AGATGACTCCCTGACTGTT	0.585
18647	ATGACTCCCTGACTGTTGA	0.747
18648	TGACTCCCTGACTGTTGAT	0.705
18649	ACTCCCTGACTGTTGATGT	0.699
18650	CCCTGACTGTTGATGTTGC	0.661
18651	CTGTTGATGTTGCAGTGAT	0.697
18652	AGTGATAGATTCTGGTGCG	0.734
18653	GATAGATTCTGGTGCGGAA	0.425
18654	GATTCTGGTGCGGAAAGTA	0.492
18655	TCTGGTGCGGAAAGTAACC	0.914
18656	GGTGCGGAAAGTAACCTTT	0.507
18657	CGGAAAGTAACCTTTGGTG	0.588
18658	AACCTTTGGTGGCTTAAAT	0.642
18659	TGGTGGCTTAAATGGATAA	0.287
18660	GCTTAAATGGATAATCTGA	0.382
18661	CTGATGAAAATGTGATATC	0.576
18662	TGAAAATGTGATATCCAGA	0.688
18663	AAAACACACCACCTTCATA	0.501
18664	ACACCACCTTCATATACAG	0.368
18665	CAGAACCCGGTGGACCAAG	0.684
18666	TGGACCAAGTATAGTTGAT	0.595
18667	GACCAAGTATAGTTGATCT	0.528
18668	TATAGTTGATCTCCATTCA	0.905
18669	ATTCATAAATGTTATCTCC	0.758
18670	TCATAAATGTTATCTCCTT	0.52
18671	TATCTCCTTTAGGCCCAGC	0.672
18672	TCCTTTAGGCCCAGCACTG	0.732
18673	AGGCCCAGCACTGCAATTA	0.473
18674	CCAGCACTGCAATTAGGAG	0.511
18675	GCACTGCAATTAGGAGGAG	0.343
18676	CACTGCAATTAGGAGGAGG	0.626
18677	ATTAGGAGGAGGATCAAGG	0.816
18678	ATCAAGGGTTATTTCAGCT	0.82
18679	GGTTATTTCAGCTAGCTCC	0.805
18680	TATTTCAGCTAGCTCCTTC	0.885
18681	TTCAGCTAGCTCCTTCTGA	0.874
18682	CAGCTAGCTCCTTCTGAAT	0.423
18683	AGCTAGCTCCTTCTGAATT	0.712
18684	TTCTGAATTCTTTTAGCAC	0.815
18685	ACTAGTGGATAACTTAGCA	0.828
18686	GCAGTGGTTTTGCTAGAGA	0.359
18687	GTGGTTTTGCTAGAGAGTT	0.524
18688	GTTTTGCTAGAGAGTTTGG	0.698
18689	TTTGCTAGAGAGTTTGGTG	0.842
18690	TTGCTAGAGAGTTTGGTGT	0.901
18691	CTGGGTGGCAGAAGGTTTT	0.321
18692	TCTTTCCTCTTGTTCTTCA	0.893
18693	TCCTCTTGTTCTTCAGGCT	0.89
18694	TGGAGCGGCTGGGTCTCGC	0.692
18695	CGGCTGGGTCTCGCTGGTC	0.547
18696	CGCATCTGAACTGCCACTG	0.53
18697	GTCCTTCGGGCGGCTGAGG	0.552
18698	CCTTCGGGCGGCTGAGGGA	0.466
18699	TTTCATATTTTCTTTAGAC	0.753
18700	TTCTTTAGACATCATTAGG	0.951
18701	TCTTTAGACATCATTAGGC	0.945
18702	AGACATCATTAGGCGCCGA	0.788
18703	TTAGGCGCCGAAGCTCTTG	0.841
18704	TAGGCGCCGAAGCTCTTGC	0.826
18705	CGAAGCTCTTGCAGGACAA	0.519
18706	CTCTTGCAGGACAACTTTG	0.715
18707	TCTTGCAGGACAACTTTGA	0.898
18709	GGACAACTTTGATGCTATA	0.47
18710	ACAACTTTGATGCTATATG	0.777
18711	CAACTTTGATGCTATATGA	0.49
18712	CTTTGATGCTATATGAATT	0.7
18713	TGATGCTATATGAATTCTG	0.9
18714	GATGCTATATGAATTCTGC	0.82
18715	TGCTATATGAATTCTGCCA	0.897
18716	GAATTCTGCCATTTTGCTA	0.63
18717	TTCTGCCATTTTGCTAGCA	0.714
18718	TGCCATTTTGCTAGCACTG	0.875
18720	TTGCTAGCACTGATATGGC	0.921
18721	GCTAGCACTGATATGGCTC	0.909
18722	CTAGCACTGATATGGCTCT	0.903
18723	TAGCACTGATATGGCTCTT	0.844
18724	TATGGCTCTTGGGTCCACC	0.841
18725	TTGGGTCCACCACTCCATT	0.835
18726	CCACCACTCCATTAGAACT	0.568
18727	GTTACAAATCTTACAAAGG	0.638
18728	GGTCCACATTCTATTTTAA	0.388
18729	TATTTTAAGGCTGTATATT	0.829
18731	TTTTAAGGCTGTATATTCG	0.894
18732	TAAGGCTGTATATTCGGTT	0.961
18733	CATAAATTGTTCTTGGAGG	0.631
18734	ATAAATTGTTCTTGGAGGC	0.765
18735	AATTGTTCTTGGAGGCCCA	0.571
18736	GGAGGCCCAATTATCATCC	0.705
18737	TTATCATCCCTGTCCATCT	0.9
18738	CATCCCTGTCCATCTTGTA	0.527
18739	TCATGTCTTCGTCATCTTC	0.95
18740	TGTCTTCGTCATCTTCTAG	0.888
18741	GTCTTCGTCATCTTCTAGA	0.58
18742	TCTTCGTCATCTTCTAGAC	0.92
18743	TTCGTCATCTTCTAGACCC	0.963
18744	CGTCATCTTCTAGACCCCA	0.388
18745	CATCTTCTAGACCCCAGCT	0.73
18746	ATCTTCTAGACCCCAGCTA	0.828
18747	GCTAACTGTGCCATCTCCT	0.609
18748	TAACTGTGCCATCTCCTAC	0.888
18749	TGTGCCATCTCCTACTCCT	0.923
18750	CCATCTCCTACTCCTTTCT	0.586
18751	TACTCCTTTCTGGCCTTCT	0.861
18753	GGCCTTCTTCGAGTTCTTC	0.538
18754	CCTTCTTCGAGTTCTTCCA	0.599
18755	GTTCTTCCAACAGTCGGAA	0.523
18756	TTCCAACAGTCGGAAATTG	0.953
18757	CAACAGTCGGAAATTGCGA	0.856
18758	CAGTCGGAAATTGCGAGGG	0.845
18759	TCGGAAATTGCGAGGGACT	0.96
18760	ATTGCGAGGGACTTTTACT	0.91
18761	TGCGAGGGACTTTTACTCC	0.887
18762	GAGGGACTTTTACTCCTTT	0.656
18764	TTTACTCCTTTGCAGTGAA	0.814
18765	TACTCCTTTGCAGTGAAAT	0.95
18766	CTCCTTTGCAGTGAAATTT	0.458
18767	CCTTTGCAGTGAAATTTTC	0.837
18768	TTGCAGTGAAATTTTCTAG	0.96
18769	GCAGTGAAATTTTCTAGGT	0.365
18770	CAGTGAAATTTTCTAGGTT	0.494
18771	GTGAAATTTTCTAGGTTCA	0.43
18772	GAAATTTTCTAGGTTCAAG	0.535
18773	ATTTTCTAGGTTCAAGTCT	0.714
18774	TCTAGGTTCAAGTCTTCCT	0.78
18775	AGTCTTCCTTCATCACTCA	0.623
18776	GCTTGGTTCGTTTCCAAGG	0.858
18777	CAAGGGAACACAATGGGCA	0.954
18778	GGTGGGGCAGGCTCTGGTG	0.904
18779	GTGGGGCAGGCTCTGGTGT	0.728
18780	GTGTGAGTTTCCACTCTGG	0.953
18781	GTGAGTTTCCACTCTGGTG	0.928
18782	GTTTCCACTCTGGTGACCT	0.943
18783	CTCTGGTGACCTTTGACTC	0.859
18784	ACCTTTGACTCCCGTAGGC	0.915
18785	TTGACTCCCGTAGGCGTTT	0.936
18786	CACGGGTGTGCATACCCTG	0.706
18788	GGTGTGCATACCCTGTTGC	0.725
18789	CATACCCTGTTGCTCTCTC	0.855
18790	CCTGTTGCTCTCTCCCGCT	0.435
18791	GTTGCTCTCTCCCGCTGCC	0.619
18793	CTCTCTCCCGCTGCCCCTG	0.662
18795	CACTCCGACCCCTGACAGG	0.725
18796	ACCCCTGACAGGCAGGGGA	0.422
18797	GGGAAAGAAACTGTAGTCT	0.556
18798	AAAGAAACTGTAGTCTGCC	0.86
18799	AACTGTAGTCTGCCAGATT	0.817
18800	CAGATTCCACACCATGTGG	0.402
18801	CACACCATGTGGCAGAGAG	0.467
18802	ATGTGGCAGAGAGACAGAG	0.623
18803	GTGGCAGAGAGACAGAGCC	0.458
18804	TGGCAGAGAGACAGAGCCA	0.765
18805	GCAGAGAGACAGAGCCACC	0.715
18807	CCTGCTGCCTGTCCCCTGG	0.456
18809	CCCTGGGCTATCTCCTGCC	0.677
18810	CTGCCACAGACCAGCTTCA	0.444
18811	CTTCAGAGAAGGAAGGAGT	0.507
18812	AGAGAAGGAAGGAGTCCTC	0.812
18813	GCTAGAGATGGAAGTCTCA	0.329
18814	GAAGTCTCAGAAGCAGGGA	0.679
18815	AGGGAAGGTGGATGAAGGC	0.857
18816	GCAGAAGGGCTCCAAAGCC	0.737
18817	GCTCCAAAGCCTATGGGGA	0.358
18818	TGGGGATATTGCTCAGAAG	0.93
18819	TATTGCTCAGAAGTTAAGT	0.907
18820	GTTAAGTAAGGAGCTCATT	0.708
18821	CTCATTCCTCAGAGGCAAG	0.598
18822	AAGAATTCCTGGGTGTTCT	0.845
18823	TGGGTGTTCTGTAAAGGGT	0.865
18824	TAAAGGGTGGGGCGGATTG	0.802
18826	CCTAAGTGGGCACCCTAAA	0.488
18827	AGACGCCTCAAGGGAGGCA	0.341
18828	GACGCCTCAAGGGAGGCAA	0.373
18830	CTGAATCTCCAACTGCAAA	0.486
18831	CTTCTAAACTGGTGGAATC	0.84
18832	AATCTGGAGCAAGTTTCTT	0.79
18833	TCTGGAGCAAGTTTCTTCT	0.9
18834	TTTCTTCTCAGAGTCCACA	0.855
18835	TCAGAGTCCACAAGGAACA	0.943
18836	GTCCACAAGGAACATCAGT	0.552
18837	ACGAACTTTCTCAGCCCCG	0.952
18838	GAACTTTCTCAGCCCCGGG	0.854
18839	TCTCAGCCCCGGGATCACT	0.949
18840	GGTACAACTCTCCCTCAAG	0.634
18841	CAACTCTCCCTCAAGCCTA	0.767
18842	TCTCCCTCAAGCCTAAATC	0.908
18843	TCCCTCAAGCCTAAATCCA	0.814
18844	CCAGAAAGAGGGGACTAAG	0.875
18845	CTAAGGGCTCCTCAGGGAC	0.858
18846	GGGAGACTCCAGAGAGCAA	0.584
18847	ACTCCAGAGAGCAAGAGTA	0.579
18848	AGAGTAGATGGAGGTCACA	0.968
18849	ATGGAGGTCACAGGAGGGC	0.89
18850	ATGGGAGAGGAAGCACACA	1.042
18851	CACAGTTCACAGGAACAAT	0.769
18852	CAGTTCACAGGAACAATGA	0.667
18853	TCACAGGAACAATGAAACG	0.542
18854	TGAAACGACCACGAACGAC	0.393
19013	TTTGTTTTCAACATGGTAA	0.913
19014	CAACATGGTAAGGGTTTTG	0.703
19015	CATGGTAAGGGTTTTGACC	0.845
19016	ATGGTAAGGGTTTTGACCT	0.857
19017	CCTCAAATGCTTATCAGGT	0.468
19018	CGCCTCTTCCTTGAAGTTT	0.663
19019	ATTGCAGGTTTTCCTTCTC	0.791
19020	ACACAAAGGGTATTGCAAG	0.741
19021	CAAAGGGTATTGCAAGGAT	0.663
19022	CCTCAAATATATGGGGATA	0.486
19023	TCAAATATATGGGGATACC	0.763
19024	CAACTTGTACAGACGAACA	0.848
19025	AACTTGTACAGACGAACAA	0.555
19026	ACTTGTACAGACGAACAAG	0.543
19027	TACAGACGAACAAGACCTC	0.727
19028	GACCTCATCTCCCATACCG	0.848
19029	TCTCCCATACCGGGTTCCG	0.498
19030	AAAATGAGTTAGGCTGTCC	0.628
19031	CAAACTCATCAGGCAGGTT	0.52
19032	GCAGGTTATAATAGATAGT	0.422
19033	AGTGTAGCACATAAAATTT	0.468
19034	ATACATCTCTCCTCCTTTG	0.992
19035	TCCTCCTTTGGTCTCACAC	0.98
19036	AGAAACAATACAATCCTCC	1.047
19037	AAACAATACAATCCTCCGA	0.547
19038	TCCGACCCTTCTCCCAGGT	0.776
19039	CCCTTCTCCCAGGTCATCA	0.332
19041	GTCCTAGCCGTGTAAGGCC	0.6
19043	ATTGCTGCATGGAGTCCTC	0.448
19044	GGTGAGCTCCAACTCCAAG	0.552
19045	TCCAACTCCAAGTCTCAGT	0.887
19046	AAGTCTCAGTGTCACAGGG	0.659
19047	GTCTCAGTGTCACAGGGAC	0.43
19048	AGTGTCACAGGGACCCAAA	0.508
19049	GTCACAGGGACCCAAAGTT	0.268
19050	GCACCTCAAATTCAGGAAC	0.231
19051	CTCAAATTCAGGAACACAC	0.327
19052	CCAGGAATGAACGTTATTC	0.668
19053	ATGTGAGCGCATTTTCCAA	0.387
19054	TGTGAGCGCATTTTCCAAA	0.476
19055	CATTTTCCAAATCAAAGTT	0.503
19056	TTCCAAATCAAAGTTATTT	0.702
19057	TCCAAATCAAAGTTATTTT	0.699
19058	AAACTCATATCGAGGTCGT	0.7
19059	AGACCATAGCAGAAACGTA	0.627
19060	GAAGACAGAGGGGAAAAGA	0.353
19061	GAAAACAAAGGCTCTCTGG	0.896
19062	AAGGCTCTCTGGTTTCAGC	1.02
19063	TTTCAGCTTCTCCAGGGTG	0.667
19064	AGGGTGTCATGTCAGCCAA	0.654
19065	TCGCCATCACTCAACCAGA	0.757
19066	TGGAAACCGCGGACGGCTC	0.701
19067	GAAACCGCGGACGGCTCAC	0.722
19068	CGCGGACGGCTCACGAAGA	0.354
19069	ATCCGCCGCACGAGCTGCA	0.337
19070	CGAGCTGCACCAGCATCTC	0.322
19071	CCAGCATCTCGGCCATCTT	0.331
19072	GGCCATCTTCGCCATCTCC	0.724
19073	CCATCTTCGCCATCTCCTG	0.819
19075	CGCCCTGCAGGTGGTTGAG	0.432
19076	GAGAGCGCTCTCCTCAGAG	0.488
19077	GCTCTCCTCAGAGGCCTCT	0.693
19078	ACCTGCGTCTTGATCTGGA	0.546
19079	CATATTGTCCATCTCCCAC	0.797
19080	TCTCCCACAGCTTGCCCCG	0.696
19081	CTCCCACAGCTTGCCCCGG	0.449
19082	GCGCACGGGCGCGCGTCCG	0.197
19083	CGCGCTCGCGCGTCAGCGA	0.14
19084	TCTCGTGGATGACGGGCAG	0.708
19085	ATGACGGGCAGCAGAAACT	0.662
19086	AGCAGAAACTGCTCGAAGT	0.514
19087	AGCACCTCCACCTCCTCGG	0.589
19089	GCCGCATCTCCGCTGCTTT	0.356
19090	CGCATCTCCGCTGCTTTGC	0.748
19091	TCTCCGCTGCTTTGCTTGT	0.626
19092	TATTAACATGTAAGATTTT	0.765
19093	TAAGGGTTTTGACCTCAAA	0.826
19094	ACATTTATAGCTTGACTAC	0.883
19095	TATAGCTTGACTACATATG	1.013
19096	TTGACTACATATGAACCTT	0.854
19097	GACGCCTCTTCCTTGAAGT	0.825
19098	GTTTTGGGTCCATTGCAGG	0.862
19099	GGTATTGCAAGGATCTTTC	0.826
19101	ATATGGGGATACCAACTTG	0.625
19102	GAGTTAGGCTGTCCCAACA	0.856
19103	ATCAGGCAGGTTATAATAG	0.88
19104	GGCAGGTTATAATAGATAG	0.904
19106	CATAGAAACAATACAATCC	0.933
19107	TCCCAGGTCATCAGTCCTA	0.704
19108	CCCAGGTCATCAGTCCTAG	0.631
19109	CATCAGTCCTAGCCGTGTA	0.618
19110	CACAGTCCCAGATGAAGTC	0.824
19112	TTCTTCTGCCATTGCTGCA	0.729
19113	CTTCTGCCATTGCTGCATG	0.791
19114	TGCATGGAGTCCTCTTCTA	0.686
19116	GAACTTTCAGAGGCGGTGA	0.455
19117	GGCGGTGAGCTCCAACTCC	0.5
19118	CTCCAACTCCAAGTCTCAG	0.815
19119	CCAACTCCAAGTCTCAGTG	0.776
19120	GGGACCCAAAGTTCAGGGA	0.533
19121	GTTCAGGGAGCTATCAGGT	0.685
19122	GGGAGCTATCAGGTCACCC	0.871
19123	GCTATCAGGTCACCCAAGA	0.456
19124	AGGTCACCCAAGAAAGAGC	0.958
19126	GAACACACCAAAGCCAGGA	0.669
19127	ACACCAAAGCCAGGAATGA	0.526
19128	GTATGTGAGCGCATTTTCC	0.867
19129	AGCGCATTTTCCAAATCAA	0.681
19130	CCATAGCAGAAACGTAGTG	0.58
19131	AGCAGAAACGTAGTGTCAG	0.993
19132	AACGTAGTGTCAGTGAGAA	0.722
19133	CGTAGTGTCAGTGAGAACA	0.689
19134	CAGAGTGAAGACAGAGGGG	0.875
19135	AAGGAAAACAAAGGCTCTC	1.064
19136	ACAAAGGCTCTCTGGTTTC	0.86
19137	TCAGCCAATCGCCATCACT	0.858
19138	TTCTCTATCCGCCGCACGA	0.872
19139	TCTATCCGCCGCACGAGCT	0.797
19140	CCGCCGCACGAGCTGCACC	0.884
19141	TCTCGGCCATCTTCGCCAT	0.787
19142	GCGCCTTCTCGTCGGCCTT	0.631
19143	CGTCGGCCTTCTCCGCCCT	0.239
19144	CGGCCTTCTCCGCCCTGGG	0.656
19147	GCGGGGCTCGGCGCCGCCC	0.749
19148	GCCGCCCGCGCCCTGCAGG	0.609
19151	GGCCTCTACCTGCGTCTTG	0.732
19152	CTCTACCTGCGTCTTGATC	0.72
19153	TGGATCAGCATATTGTCCA	0.915
19154	TATTGTCCATCTCCCACAG	0.829
19155	CCATCTCCCACAGCTTGCC	0.81
19156	CCCGGTTGCGCACGGGCGC	0.553
19158	TCAGCGACGCGATGTCCTC	0.779
19159	CGTGGATGACGGGCAGCAG	0.395
19160	GTGGATGACGGGCAGCAGA	0.353
19161	CAGCAGAAACTGCTCGAAG	0.599
19162	TCCGGCTCCAGCACCTCCA	0.691
19163	TCCGCCAGCTCCACTGCGT	0.764
19164	CCGCCAGCTCCACTGCGTC	0.655
19165	GGCCGCATCTCCGCTGCTT	0.428
19166	GCTTTGCTTGTCTGCACGA	0.676
19167	GCTTGTCTGCACGACACTC	0.648
19168	GACCGAGCTCGGGCCGAGT	0.615
19169	GTCTTCAAAACTTCCGCCG	0.948
19170	AAAACTTCCGCCGCTGTTC	0.843
19330	CTGCCTCTCAGCGGATGTA	0.395
19332	CAGCCCTCCAGCTCATTCT	0.753
19333	AGCCCTCCAGCTCATTCTT	0.542
19334	TTGCGCCCCAGAACCGGCC	0.796
19335	GGCCCACCACCCTCCGCAC	0.524
19336	CCTCCTCTTCCCAGGAGCC	0.467
19339	GAGTCTCCTGGCTCCGTGT	0.488
19340	AGTCTCCTGGCTCCGTGTA	0.549
19341	CCGTGTAGACAGAGTTTCG	0.44
19342	TCAAAGGTGTCTTGGCGGG	0.576
19343	AGGTGTCTTGGCGGGATAG	0.707
19346	GGCCAGGTGGGTGGTTGCT	0.316
19347	GGGGCTGGCCCAGCTCCCC	0.192
19349	GGTAGCCATGGTGCGGTTC	0.49
19350	TCAGCAGCGGATTGGGTGG	0.815
19352	CTTCCAGTAGGCTTCCAAG	0.609
19354	AGGCATCTTCCAATTGGTT	0.5
19355	CAATTGGTTCTCGTCCAGG	0.802
19359	TGATGAGCCTCTGCAGTAC	0.736
19360	AGCGAGGTTTTAGAGAGCT	0.561
19362	GATCCGCTCGATTTCACTC	0.849
19363	ATTTCACTCTGTACCTCAG	0.591
19364	CACTCTGTACCTCAGCCAG	0.348
19365	GCGAGTGTTGGAGCGCTCG	0.152
19367	ATAATGTGTTTGCTGGGGT	0.634
19370	TTGAGCGATGGTCCCACCA	0.712
19372	GGGGCACGTGCTCTGTCGA	0.399
19373	TTCTGCTTCTGTTTGGCAC	0.821
19374	TGCTGGAGCTGAGGCGGTT	0.462
19375	GAGCTGAGGCGGTTTTGGC	0.541
19376	AGCAGGCGAAGGCTGTCCA	0.395
19381	GACAGGGCTGGGGATGAAA	0.164
19384	TCCTTCACCAGCCTCCCGA	0.737
19385	CAGCCTCCCGATCCACCAG	0.407
19386	TTCTCCTTGATGTGCAGGA	0.94
19387	ATGTGCAGGAAGTCCTTGG	0.632
19388	ACTGGCACCTCATCTCCTG	0.834
19390	ACGGATTGTAGCCAACATT	0.909
19394	CTTTCTCGAGCTGGGCTAA	0.637
19395	TTCTCGAGCTGGGCTAAGG	0.768
19396	GACACGTCGGAGTCTGACG	0.77
19397	CGGAGTCTGACGGCCGGCT	0.442
19398	GGCTCGTGTAGGACTCTGC	0.794
19403	GACCTTTTGAACCGCCCTT	0.577
19406	CTGTATTTGCCCTGTGGGC	0.758
19407	AGACCTCCATAGGGATCTC	0.715
19408	TGTCGTCCTTTGTAAGACT	0.987
19409	TCCTTTGTAAGACTGAAGT	1.119
19410	CCTTTGTAAGACTGAAGTC	0.929
19411	AAGACTGAAGTCTTCTGAA	0.925
19412	ACTGAAGTCTTCTGAATGA	0.547
19413	TGAATGATCTCCTTGATAG	1.153
19414	TGATCTCCTTGATAGGTAG	1.144
19415	ATCTCCTTGATAGGTAGGG	1.025
19416	ATAGGTAGGGTACATCACA	1.074
19417	AGGTAGGGTACATCACAGA	0.552
19418	GTAGGGTACATCACAGAAC	1.048
19419	TAGGGTACATCACAGAACT	1.164
19420	TCACAGAACTGGGAACAGA	0.996
19421	GAACTGGGAACAGAAGAGT	0.814
19422	CAGAAGAGTGACCCAGACC	0.738
19423	AAGAGTGACCCAGACCCAG	0.876
19424	GTGACCCAGACCCAGAGAG	0.731
19425	TGACCCAGACCCAGAGAGT	0.618
19427	CCCAGACCCAGAGAGTGGC	0.633
19428	CCAGACCCAGAGAGTGGCC	0.414
19429	GGCCAAGTTCATGAGTGGC	0.622
19430	TCATGAGTGGCAACAAACA	1.048
19431	GAGTGGCAACAAACAGGAA	0.376
19432	GGCAACAAACAGGAAGTTC	0.536
19433	GCAACAAACAGGAAGTTCA	0.337
19434	AAACAGGAAGTTCACGCCT	0.911
19435	AGGAAGTTCACGCCTGAGT	0.731
19436	GAAGTTCACGCCTGAGTCC	0.704
19437	TTCACGCCTGAGTCCTCAC	0.894
19438	TCACGCCTGAGTCCTCACC	0.946
19439	CACGCCTGAGTCCTCACCA	0.698
19440	ACGCCTGAGTCCTCACCAT	0.657
19441	CGCCTGAGTCCTCACCATC	0.618
19442	GAGTCCTCACCATCCGTCC	0.811
19443	AGTCCTCACCATCCGTCCA	0.525
19444	TCCTCACCATCCGTCCAGT	0.465
19445	CCTCACCATCCGTCCAGTA	0.326
19446	TCACCATCCGTCCAGTACT	0.905
19447	ACCATCCGTCCAGTACTCA	0.631
19448	CCATCCGTCCAGTACTCAT	0.419
19449	CATCCGTCCAGTACTCATC	0.874
19450	CCGTCCAGTACTCATCCTT	0.758
19451	CATCCTTGTCAAAGTGAGC	1.017
19452	TCAAAGTGAGCATCTCCGC	1.085
19453	AAAGTGAGCATCTCCGCCG	1.184
19454	GTGAGCATCTCCGCCGAGG	0.721
19455	TGAGCATCTCCGCCGAGGC	0.902
19456	AGCATCTCCGCCGAGGCCT	0.685
19457	ATCTCCGCCGAGGCCTGGC	0.361
19459	TCCGCCGAGGCCTGGCCCC	0.508
19460	GCCGAGGCCTGGCCCCGGT	0.11
19461	CTGGCCCCGGTGCAAAGGC	0.326
19462	TGGCCCCGGTGCAAAGGCA	0.591
19463	AAAGGCATGGCCTAGAGTG	1.008
19464	GCATGGCCTAGAGTGTTTC	0.537
19465	CATGGCCTAGAGTGTTTCC	0.897
19466	GGCCTAGAGTGTTTCCTGG	0.338
19467	CCTAGAGTGTTTCCTGGCC	0.545
19468	CTAGAGTGTTTCCTGGCCC	0.835
19469	GTTTCCTGGCCCATCAAAT	0.105
19470	TGGCCCATCAAATGGGAAG	0.85
19471	GCCCATCAAATGGGAAGTT	0.002
19472	GTTGTCTCCGTGATCTCCC	0.942
19473	TGTCTCCGTGATCTCCCCT	1.018
19474	CTCCGTGATCTCCCCTTGC	0.905
19475	TCCGTGATCTCCCCTTGCG	0.973
19476	CGTGATCTCCCCTTGCGAA	0.268
19477	TGATCTCCCCTTGCGAAGC	1.053
19478	CCTTGCGAAGCCAATTATG	0.631
19479	CTTGCGAAGCCAATTATGA	0.755
19481	GAAGCCAATTATGATGTCT	0.994
19482	AAGCCAATTATGATGTCTG	1.027
19483	AGCCAATTATGATGTCTGC	0.959
19484	CCCCAACTAACCCTCTTGA	0.408
19486	AGTGGGATTTGCATACTCC	0.967
19487	CTGGAATGCCACTTAGGAC	1.095
19488	GAATGCCACTTAGGACTGT	0.657
19489	TGCCACTTAGGACTGTTTG	0.812
19490	TTAGGACTGTTTGGCATTA	1.05
19491	TGGCATTAGTGAGAATTCT	1.069
19492	GCATTAGTGAGAATTCTGC	0.943
19493	CATTAGTGAGAATTCTGCA	0.729
19494	TTAGTGAGAATTCTGCAAC	1.221
19495	AGTGAGAATTCTGCAACAT	0.802
19496	GTGAGAATTCTGCAACATC	1.194
19497	GAATTCTGCAACATCTGGC	1.001
19498	TTCTGCAACATCTGGCACT	1.15
19499	TCTGCAACATCTGGCACTC	1.04
19500	TGCAACATCTGGCACTCCA	0.913
19501	AACATCTGGCACTCCACAC	0.939
19502	TCTGGCACTCCACACCTGG	0.856
19503	CTGGCACTCCACACCTGGG	0.607
19504	GCACTCCACACCTGGGCTT	0.475
19505	CACTCCACACCTGGGCTTC	0.94
19506	CCACACCTGGGCTTCTGCA	0.613
19507	ACACCTGGGCTTCTGCATT	0.861
19508	CTTCTGCATTATCTCCATG	0.975
19509	TCTGCATTATCTCCATGAC	1.15
19510	TGCATTATCTCCATGACAC	1.122
19511	GGACAGCTTTCCAGTCTCC	0.887
19512	GCTTTCCAGTCTCCGGCAA	0.019
19513	TTCCAGTCTCCGGCAAACC	1.028
19514	TCCGGCAAACCGAAGAACT	0.538
19515	CCGGCAAACCGAAGAACTT	0.018
19518	GAACTTCTGCATTTCCCTC	0.975
19519	AACTTCTGCATTTCCCTCA	1.037
19520	ACTTCTGCATTTCCCTCAG	0.834
19521	TCTGCATTTCCCTCAGTTT	1.161
19522	CATTTCCCTCAGTTTGTCC	0.83
19523	CCCTCAGTTTGTCCACTGC	0.323
19524	TCAGTTTGTCCACTGCACT	1.101
19525	CAGTTTGTCCACTGCACTG	1
19526	CCACTGCACTGGTGGCCTT	0.223
19527	GCACTGGTGGCCTTCTTTG	0.382
19529	ACTGGTGGCCTTCTTTGTT	0.871
19530	TGGTGGCCTTCTTTGTTTT	0.457
19531	TGGCCTTCTTTGTTTTAGA	0.957
19532	CTTCTTTGTTTTAGAGTCG	1.133
19533	CTTTGTTTTAGAGTCGTGA	1.08
19534	TGTTTTAGAGTCGTGAAGG	1.262
19535	TTTTAGAGTCGTGAAGGTA	1.1
19536	TTTAGAGTCGTGAAGGTAA	1.308
19537	TTAGAGTCGTGAAGGTAAA	1.1
19538	GAGTCGTGAAGGTAAAATT	0.761
19539	AGTCGTGAAGGTAAAATTT	0.744
19540	TCGTGAAGGTAAAATTTCC	1.269
19541	GTGAAGGTAAAATTTCCTA	0.862
19542	AGGTAAAATTTCCTAAGAT	0.796
19543	GGTAAAATTTCCTAAGATA	0.284
19544	AAATTTCCTAAGATAATTC	1.162
19545	TTTCCTAAGATAATTCTGC	1.316
19546	CCTAAGATAATTCTGCGCC	1.341
19547	CTAAGATAATTCTGCGCCT	0.66
19548	AAGATAATTCTGCGCCTGT	0.756
19549	ATAATTCTGCGCCTGTTCC	1.041
19550	TAATTCTGCGCCTGTTCCC	0.936
19551	AATTCTGCGCCTGTTCCCA	0.468
19553	CTGTTCCCACTGAAGTGCG	0.911
19554	TGTTCCCACTGAAGTGCGG	0.916
19555	CACTGAAGTGCGGTCACTT	0.797
19556	ACTGAAGTGCGGTCACTTC	0.405
19557	CTGAAGTGCGGTCACTTCT	0.329
19558	AGTGCGGTCACTTCTCCGG	0.944
19559	GGTCACTTCTCCGGCTTCC	0.83
19560	CACTTCTCCGGCTTCCTGG	0.722
19561	ACTTCTCCGGCTTCCTGGG	0.642
19562	GGCTTCCTGGGACAGTGGC	0.66
19563	TTCCTGGGACAGTGGCAGG	0.679
19564	TGGGACAGTGGCAGGGCCA	0.936
19565	AGTGGCAGGGCCAGGCAGC	0.643
19566	GGCCGAGCGGCCTCGGTCC	0.507
19567	GGCCTCGGTCCCGAAGTCC	0.538
19568	CCTCGGTCCCGAAGTCCTT	0.587
19569	TCGGTCCCGAAGTCCTTGA	0.613
19570	CGGTCCCGAAGTCCTTGAG	0.626
19571	GTCCCGAAGTCCTTGAGCT	0.647
19572	CCCGAAGTCCTTGAGCTCC	0.75
19573	CGAAGTCCTTGAGCTCCGA	0.618
19574	GAGCTCCGACTGGTTGTGG	0.808
19575	AGCGGGTGAGGCGCTTGCA	0.662
19576	GGTGAGGCGCTTGCACTTG	0.688
19578	ACTTGCACGAGGCCACCAG	0.525
19579	GAGGCCACCAGGCGCACCT	0.712
19580	CCAGGCGCACCTTGCGCGC	0.413
19581	CGCACCTTGCGCGCGCGCG	0.606
19582	CACCTTGCGCGCGCGCGGC	0.571
19583	GCGCGCGCGGCGCCTCACC	0.26
19584	GCGCGCGGCGCCTCACCAC	0.652
19585	CGCGGCGCCTCACCACCGG	0.358
19586	CGCCTCACCACCGGGACAC	0.629
19587	CCACCGGGACACAGCAGCT	0.66
19589	CACGCGCTGCGCGCGGTAG	0.505
19590	ACGCGCTGCGCGCGGTAGC	0.518
19592	GTCGGGCCCACTAGGTCGC	0.66
19593	CCACTAGGTCGCCACCACT	0.789
19594	ACTAGGTCGCCACCACTTG	0.645
19595	CACCACTTGCCGCGGCCGA	0.66
19596	GCGGCCGATGGCGTTGGGC	0.643
19597	TGGCGTTGGGCAGCAGGCG	0.646
19598	TTGGGCAGCAGGCGCGCCG	0.846
19599	GCAGGCGCGCCGGGCCGCA	0.521
19600	GGGCCGCACTGGCCGGAGC	0.53
19601	CACACCAGCTCGGTGACCG	0.522
19602	CTCGGTGACCGGCTTGGCG	0.591
19603	GGTGACCGGCTTGGCGCTG	0.505
19604	GACCGGCTTGGCGCTGCGG	0.513
19605	CGGCTTGGCGCTGCGGCAC	0.496
19606	GCTTGGCGCTGCGGCACGG	0.505
19607	GCTGCGGCACGGCCCATCG	0.51
19608	CTGCGGCACGGCCCATCGG	0.543
19609	CCCATCGGTCACGTAGCGG	0.647
19610	CCATCGGTCACGTAGCGGG	0.776
19611	CGGTCACGTAGCGGGTGAA	0.575
19612	GGTCACGTAGCGGGTGAAG	0.594
19613	GTAGCGGGTGAAGTGCAGC	0.754
19614	GGGTGAAGTGCAGCTCGCG	0.548
19615	GGTGAAGTGCAGCTCGCGG	0.668
19617	GCAGCTGTACTCGGACACG	0.548
19618	CAGCTGTACTCGGACACGT	0.749
19619	AGCTGTACTCGGACACGTC	0.758
19620	CTGTACTCGGACACGTCTT	0.871
19621	CTTTGGTCTCAAAGGGGTG	0.722
19622	GGTGGTGGGGAGGCCGCCC	0.643
19623	GGGAGGCCGCCCTCCGTTC	0.526
19624	TCTCCGCCCGGTTCATGGT	0.695
19625	TCCGCCCGGTTCATGGTCT	0.788
19626	CCCGGTTCATGGTCTTGTT	0.697
19627	CGGTTCATGGTCTTGTTGT	0.522
19628	GTTGTTCTCCAGCTCCGGT	0.833
19629	TGTTCTCCAGCTCCGGTGG	0.867
19630	TCTCCAGCTCCGGTGGAGG	0.688
19631	GCTCGGGGTACTCTCCGAG	0.444
19632	CTCTCCGAGCTCGGGGATG	0.509
19633	CCGAGCTCGGGGATGATTT	0.498
19634	TCCGTGGCATCATTCTTGA	0.687
19635	TGGCATCATTCTTGAACGC	0.934
19636	CATCATTCTTGAACGCCTG	0.824
19637	CTTGAACGCCTGCCACCCC	0.487
19638	AACGCCTGCCACCCCTGGC	0.777
19639	CCTGCCACCCCTGGCCCTC	0.711
19640	GCCACCCCTGGCCCTCCAC	0.528
19641	CACCCCTGGCCCTCCACTA	0.72
19642	ACCCCTGGCCCTCCACTAC	0.635
19643	CCTGGCCCTCCACTACACG	0.607
19644	CTGGCCCTCCACTACACGG	0.552
19645	CTGACAGCGCCACCGCAGC	0.805
19646	CCACCGCAGCACCGTGAGG	0.701
19647	ACCGCAGCACCGTGAGGTG	0.563
19649	GAGGTGCACGGACTTGGAC	0.557
19650	GTGCACGGACTTGGACGGC	0.661
19651	GGACTTGGACGGCTTGCAC	0.754
19652	TGGACGGCTTGCACACCAT	0.862
19653	ACGGCTTGCACACCATGCC	0.791
19654	GGCTTGCACACCATGCCCT	0.757
19655	CGGAGCACGAGCGCTTACT	0.51
19656	CACGAGCGCTTACTGAAGC	0.847
19657	GCGCTTACTGAAGCAGCTG	0.565
19658	CGCTTACTGAAGCAGCTGC	0.631
19659	CGCGGCCAAAAGCGGCTGC	0.464
19660	AAAAGCGGCTGCCCAGGTC	0.771
19661	AAGCGGCTGCCCAGGTCGT	0.511
19662	GCGGCTGCCCAGGTCGTTC	0.591
19663	CGGCTGCCCAGGTCGTTCC	0.515
19664	CCAGGTCGTTCCACGCGTA	0.518
19665	TCGTTCCACGCGTACAGCA	0.852
19666	TCCACGCGTACAGCACGGG	0.603
19667	GCGTACAGCACGGGGCAGA	0.61
19668	GTACAGCACGGGGCAGAAT	0.51
19669	ACAGCACGGGGCAGAATGT	0.6
19670	ACGGGGCAGAATGTCTGCG	0.53
19671	CGGGGCAGAATGTCTGCGA	0.476
19672	GGCAGAATGTCTGCGACCA	0.405
19673	CAGAATGTCTGCGACCACA	0.575
19674	TGTCTGCGACCACAGCCAC	0.833
19675	CTGCGACCACAGCCACATC	0.817
19677	TAACTTCCTCCGCAGCTTC	1.02
19678	TCCTCCGCAGCTTCTTGCT	0.977
19679	CGCAGCTTCTTGCTTAGGC	0.857
19680	GCTTCTTGCTTAGGCGCTG	0.626
19681	CTTGCTTAGGCGCTGCTTC	0.83
19682	TTAGGCGCTGCTTCTTGCC	0.913
19683	TAGGCGCTGCTTCTTGCCC	0.933
19684	GCTTCTTGCCCTGGGCCAA	0.411
19685	CAAGCCCTCGGAGAACTCT	0.551
19686	GAACTCTAGCCCTTTGATC	0.783
19687	TCTAGCCCTTTGATCTCGC	0.967
19688	CCCCGACGGCCGCTGCCGC	0.705
19689	CCGCTGCCGCAGCAGCTGG	0.783
19690	GCTGCCGCAGCAGCTGGTC	0.552
19691	GCAGCAGCTGGTCCAGCTC	0.718
19692	GCTGGTCCAGCTCCGCCAG	0.587
19694	GCGAGGTGGCCATGAAGCC	0.646
19695	TGGCCATGAAGCCTGGGTC	0.826
19696	CCCGAGCAGCGAGCGCAGC	0.671
19697	GAGCAGCGAGCGCAGCAGC	0.788
19698	AGCAGCGAGCGCAGCAGCG	0.734
19699	CAGCGAGCGCAGCAGCGTC	0.709
19701	GCGCAGCAGCGTCTCGTTC	0.741
19703	GCAGCAGCGTCTCGTTCAG	0.469
19705	GTTCAGATCCTTTTCCTTG	0.951
19706	CCTTGGGGTCAAAGATAGG	0.891
19708	GGGTCAAAGATAGGGTCTG	0.888
19709	GGGTCTGGGTGTTCGATGA	0.678
19710	GTCTGGGTGTTCGATGAGG	0.793
19711	TCTGGGTGTTCGATGAGGT	1.018
19712	TGTTCGATGAGGTCCACCA	0.964
19713	TTCGATGAGGTCCACCAGG	0.817
19714	GGGGCAGGTTGTCGCTGGG	0.681
19716	TTGTCGCTGGGTGCCGGGC	0.884
19717	TCGCTGGGTGCCGGGCGGA	0.72
19718	CGCTGGGTGCCGGGCGGAT	0.427
19719	GGGTGCCGGGCGGATGTGG	0.514
19720	GCCGGGCGGATGTGGAGAT	0.602
19721	GGGCGGATGTGGAGATAGT	0.528
19722	GGAGATAGTGCTGGCCGCC	0.874
19723	GATAGTGCTGGCCGCCGGC	0.822
19724	TTCCAGAGCTCGGCAGCAT	0.845
19725	TCCAGAGCTCGGCAGCATG	0.905
19726	AGCTCGGCAGCATGTGTGT	0.78
19727	CTCGGCAGCATGTGTGTTC	0.896
19728	TCGGCAGCATGTGTGTTCA	0.865
19729	ATGTGTGTTCAAGGGACTA	0.761
19730	TTCAAGGGACTATCAATGT	0.908
19731	TCAAGGGACTATCAATGTT	0.931
19732	CTATCAATGTTGGGTTCTC	0.663
19733	ATCAATGTTGGGTTCTCCT	0.942
19734	AATGTTGGGTTCTCCTAGA	0.888
19735	TGTTGGGTTCTCCTAGAAG	0.861
19736	TTGGGTTCTCCTAGAAGGC	0.928
19737	GTTCTCCTAGAAGGCTCTG	0.755
19738	TCCTAGAAGGCTCTGGATG	0.786
19739	TAGAAGGCTCTGGATGGAG	0.819
19742	CTGGATGGAGAGCAGAATG	0.797
19744	GGAGAGCAGAATGGTCCTG	0.454
19745	AGCAGAATGGTCCTGACAT	0.565
19746	GCAGAATGGTCCTGACATC	0.488
19747	GAATGGTCCTGACATCATA	0.321
19748	GGTCCTGACATCATACAGG	0.42
19749	CCTGACATCATACAGGGCA	0.508
19750	ACATCATACAGGGCAGACC	0.555
19751	CATCATACAGGGCAGACCA	0.286
19752	TCATACAGGGCAGACCACT	0.611
19753	GGCAGACCACTTTTCCTTC	0.633
19754	GACCACTTTTCCTTCAGGA	0.718
19755	CACTTTTCCTTCAGGATGT	0.462
19756	TTCCTTCAGGATGTCCAGG	0.742
19757	TCCTTCAGGATGTCCAGGC	0.858
19758	CCTTCAGGATGTCCAGGCA	0.492
19759	AGGATGTCCAGGCATATGT	0.757
19760	GGCATATGTTACCCTGGGT	0.396
19761	TTACCCTGGGTGTCCACGT	0.83
19762	GGGTGTCCACGTTGGGGTG	0.116
19763	GTCCACGTTGGGGTGATAG	0.772
19764	TCCACGTTGGGGTGATAGC	0.894
19765	CGTTGGGGTGATAGCAGGG	0.531
19766	GTTGGGGTGATAGCAGGGC	0.634
19767	TAGCAGGGCGTGAGGAACT	0.844
19768	AGCAGGGCGTGAGGAACTT	0.51
19769	GCAGGGCGTGAGGAACTTC	0.409
19770	GTGAGGAACTTCACTGTGG	0.743
19771	GAGGAACTTCACTGTGGGC	0.467
19772	GGAACTTCACTGTGGGCGC	0.709
19773	ACTTCACTGTGGGCGCATT	0.576
19774	TTCACTGTGGGCGCATTGT	0.937
19775	GTGGGCGCATTGTAAGGGT	0.474
19776	CGCATTGTAAGGGTAGCCA	0.613
19777	GCATTGTAAGGGTAGCCAC	0.878
19778	CATTGTAAGGGTAGCCACT	0.769
19779	TGTAAGGGTAGCCACTGGG	0.857
19780	GTAAGGGTAGCCACTGGGG	0.677
19781	GTAGCCACTGGGGAACTCT	0.87
19782	TAGCCACTGGGGAACTCTA	0.672
19783	GCCACTGGGGAACTCTAGC	0.69
19784	CCACTGGGGAACTCTAGCG	0.869
19785	GAACTCTAGCGAGAGCTTA	0.602
19786	TCTAGCGAGAGCTTATACC	0.913
19787	CTAGCGAGAGCTTATACCT	0.924
19788	AGCGAGAGCTTATACCTCA	0.806
19789	GCGAGAGCTTATACCTCAG	0.758
19790	GAGAGCTTATACCTCAGGT	0.809
19791	GAGCTTATACCTCAGGTCT	0.717
19792	AGCTTATACCTCAGGTCTT	0.464
19793	CCTCAGGTCTTCATATACT	0.772
19794	CTCAGGTCTTCATATACTG	0.822
19795	TCAGGTCTTCATATACTGT	0.881
19796	AGGTCTTCATATACTGTTC	0.869
19797	CTTCATATACTGTTCCAGC	0.904
19798	TTCATATACTGTTCCAGCT	0.975
19799	TATACTGTTCCAGCTGCTC	0.852
19800	ACTGTTCCAGCTGCTCCAT	0.845
19801	CCAGCTGCTCCATGGATGG	0.807
19802	CAGCTGCTCCATGGATGGT	0.621
19806	TGGGTTGGTCAAAGCCGCG	0.844
19810	CACTCCCACAGAAGTAAAG	0.677
19817	AAGCCTTCAGGAGGGTGCG	0.679
19819	AACCTGAAGTTGTAGCCTG	0.955
19822	AAACGCTGTCGAGCCGGGT	0.941
19823	TCGAGCCGGGTGAAGGAGT	0.802
19825	CCCAGGCCTTGTCCAAGTC	0.93
19833	TTGACCACGTCCCCTACCC	0.949
19834	AGATGGGGCAGAAAGGGTC	0.658
19835	TGTCCGGGTGGAAGCGGCA	0.937
19841	AACGGATGCTGTTCTTGAT	0.706
19843	TTGATGAAAATAGTGAAGT	0.929
19846	CATCATGATGGGCGTTTCC	0.748
19847	GTTTCCACTGTGTCCACCT	0.914
19848	CCACCTCCGTGGGGCACCA	0.135
19852	GCCCGCACTGGCTGTCTGA	0.238
19854	ACACAGCGGTATTTCTCCT	0.718
19855	CACAGCGGTATTTCTCCTC	0.674
19856	CCTCACTCTCTGGGCAGAA	0.443
19857	TCACTCTCTGGGCAGAATC	0.969
19858	TCTCTGGGCAGAATCCTTG	1.018
19859	AGAATCCTTGCATCTGATT	0.792
19861	TCAGTAACAATCATCTTGG	0.989
19863	ATGACAAAGACCGAGGTGC	0.859
19864	GAGGTGCCCTGAGGTGGCG	0.13
19865	GGCGTCACGTAATCAGACA	0.431
19866	GTCACGTAATCAGACACAT	0.339
19868	CATGACTCTGTTGGCGTAG	0.534
19870	AATGGCTGTGTCCCGTACC	0.612
19873	TGCAAGAAAACCCACCCTA	0.822
19874	GAGATGATCAGAAGCTGAA	0.468
19876	CTGAACTACTCGGTTGATG	0.747
19877	CTCGGTTGATGATCCCGAT	0.393
19878	GGTTGATGATCCCGATGGT	0.251
19881	CTCTTCACAACCACCGACT	0.649
19882	CGGTGGACTGCTTCTCCGC	0.818
19883	GACTGCTTCTCCGCTGTGG	0.627
19885	GCGATTTTCAGCGTAGTCT	0.771
19886	CAGCGTAGTCTCATTCACC	0.873
19887	AACTTCTTGGCTTTGTACT	0.995
19888	TTCTTGGCTTTGTACTGGT	0.829
19889	GGCTTTGTACTGGTCGGCC	0.68
19891	TTGAGGAAGTTGAGCAGGA	0.903
19893	TCCCACAGAAGTAAAGGCC	0.802
19894	CCACAGAAGTAAAGGCCGC	0.614
19895	GATGATGGTGGGGATGATG	0.385
19897	CTTCAGGAGGGTGCGGTAC	0.371
19899	GGGACACGCTGCTTTTCTC	0.683
19900	TCTCAGAAACGCTGTCGAG	0.642
19901	CAGAAACGCTGTCGAGCCG	0.86
19902	AGAAACGCTGTCGAGCCGG	0.98
19903	AGGAGTATTTGGGGATGCA	0.563
19904	AAGTCGCACACCCAGCCGA	0.771
19905	CACACCCAGCCGATCTTAA	0.554
19907	CCAGCCGATCTTAATGCCC	0.597
19909	TGCGCGCCAGTTTGGCAAA	0.373
19910	TGGCAAAATCCTGCCCCGC	0.678
19911	GCAAAATCCTGCCCCGCAA	0.334
19912	GACCACGTCCCCTACCCGC	0.372
19913	ACGTCCCCTACCCGCAAGA	0.759
19914	CCGCAAGATGGGGCAGAAA	0.352
19916	GGTGGAAGCGGCAGGTCTT	0.399
19917	TCTTCATGTCCCTGGCTGT	0.781
19918	TTCATGTCCCTGGCTGTCA	0.905
19919	CATGTCCCTGGCTGTCAGG	0.334
19920	TGGCTGTCAGGTTGGGAAG	0.663
19922	TTCTTGATGAAAATAGTGA	0.796
19923	TAGTGAAGTTCTCAGCTTC	0.888
19924	CCATCATGATGGGCGTTTC	0.487
19926	AGCCCTGGATCTCACAGGT	0.502
19927	ACAGGTCCGGAGCACAGAG	0.419
19928	GTCCGGAGCACAGAGCTGT	0.592
19929	CACAGAGCTGTAGTTCACG	0.42
19930	TGTAGTTCACGCAGCGGCC	0.723
19931	ACGCAGCGGCCAGTGAGGA	0.164
19937	CCTTGCATCTGATTTTCAG	0.855
19938	ATCTGATTTTCAGTAACAA	0.541
19939	TCTGATTTTCAGTAACAAT	0.746
19940	TGATGATGACAAAGACCGA	0.728
19941	CCGAGGTGCCCTGAGGTGG	0.702
19942	AGGTGCCCTGAGGTGGCGT	0.086
19944	GGTGGCGTCACGTAATCAG	0.5
19947	TCCATGACTCTGTTGGCGT	0.892
19948	TTGGCGTAGAGTCCGGAGC	0.873
19953	GAGCCCTTCACCTTGGTTA	0.162
19955	AAAACCCACCCTACAAAGT	0.894
19957	GATGATCAGAAGCTGAACT	0.723
19958	ATCAGAAGCTGAACTACTC	0.918
19959	GAAGCTGAACTACTCGGTT	0.62
19960	GATGATCCCGATGGTCCAG	0.607
